user_id,business_id
zcTZk7OG8ovAmh_fenH21g,tJRDll5yqpZwehenzE2cSg
M5n8mMFoeXjnJEV2gxyGGA,2ThtBbeDqFkVi6LugUOcVA
ZcLKXikTHYOnYt5VYRO5sg,jH19V2I9fIslnNhDzPmdkA
oaYhjqBbh18ZhU0bpyzSuw,dAa0hB2yrnHzVmsCkN4YvQ
ulQ8Nyj7jCUR8M83SUMoRQ,dAa0hB2yrnHzVmsCkN4YvQ
ulQ8Nyj7jCUR8M83SUMoRQ,ESzO3Av0b1_TzKOiqzbQYQ
ulQ8Nyj7jCUR8M83SUMoRQ,k7WRPbDd7rztjHcGGkEjlw
ulQ8Nyj7jCUR8M83SUMoRQ,k7WRPbDd7rztjHcGGkEjlw
ulQ8Nyj7jCUR8M83SUMoRQ,SqW3igh1_Png336VIb5DUA
ulQ8Nyj7jCUR8M83SUMoRQ,KNpcPGqDORDdvtekXd348w
ulQ8Nyj7jCUR8M83SUMoRQ,KNpcPGqDORDdvtekXd348w
ulQ8Nyj7jCUR8M83SUMoRQ,KNpcPGqDORDdvtekXd348w
ulQ8Nyj7jCUR8M83SUMoRQ,8qNOI6Q1-rJrvWWD5Btz6w
ulQ8Nyj7jCUR8M83SUMoRQ,8qNOI6Q1-rJrvWWD5Btz6w
ulQ8Nyj7jCUR8M83SUMoRQ,A73Dp0lo9s_Ci9NFDqbhqw
ulQ8Nyj7jCUR8M83SUMoRQ,--ujyvoQlwVoBgMYtADiLA
ulQ8Nyj7jCUR8M83SUMoRQ,FCUVjQf762no86Uzcbv1Tg
ulQ8Nyj7jCUR8M83SUMoRQ,Tl_jT2a0bRMac5_YW65GPg
ulQ8Nyj7jCUR8M83SUMoRQ,Tl_jT2a0bRMac5_YW65GPg
ulQ8Nyj7jCUR8M83SUMoRQ,c5NHHW0sNm7eaQBwvQJkkw
ulQ8Nyj7jCUR8M83SUMoRQ,zJwm3DThV4WUIkyNv68Ahw
ulQ8Nyj7jCUR8M83SUMoRQ,ofXtrtsaKzPpVXFa8fHgiw
TvkqJ8YEIsTb16RnnrNyfQ,JzB7NITHQ7gVHGVZ1ntgIQ
TvkqJ8YEIsTb16RnnrNyfQ,h14GmWZ8rXum9fXF__wt3w
TvkqJ8YEIsTb16RnnrNyfQ,yQab5dxZzgBLTEHCw9V7_w
TvkqJ8YEIsTb16RnnrNyfQ,yQab5dxZzgBLTEHCw9V7_w
TvkqJ8YEIsTb16RnnrNyfQ,yQab5dxZzgBLTEHCw9V7_w
TvkqJ8YEIsTb16RnnrNyfQ,yQab5dxZzgBLTEHCw9V7_w
TvkqJ8YEIsTb16RnnrNyfQ,yQab5dxZzgBLTEHCw9V7_w
TvkqJ8YEIsTb16RnnrNyfQ,3pQ4KSnOX9Y2IEMJvGFxUg
TvkqJ8YEIsTb16RnnrNyfQ,3pQ4KSnOX9Y2IEMJvGFxUg
TvkqJ8YEIsTb16RnnrNyfQ,3pQ4KSnOX9Y2IEMJvGFxUg
TvkqJ8YEIsTb16RnnrNyfQ,xFN8mRubo3G0oIzJwc8XBA
TvkqJ8YEIsTb16RnnrNyfQ,JmI9nslLD7KZqRr__Bg6NQ
TvkqJ8YEIsTb16RnnrNyfQ,JmI9nslLD7KZqRr__Bg6NQ
TvkqJ8YEIsTb16RnnrNyfQ,-VruCC0mPOyZXW1MfQLkQA
TvkqJ8YEIsTb16RnnrNyfQ,MSnWYdS0w5m9JLcr1wHO4w
TvkqJ8YEIsTb16RnnrNyfQ,bp5ARRJu3_8CBsAS4tOWhA
TvkqJ8YEIsTb16RnnrNyfQ,bp5ARRJu3_8CBsAS4tOWhA
TvkqJ8YEIsTb16RnnrNyfQ,kamKFAkLzH-mXx5QmvCefg
TvkqJ8YEIsTb16RnnrNyfQ,Xmndl6GoZg8taEUlwQMYxg
TvkqJ8YEIsTb16RnnrNyfQ,eZDXz_RylvdD0tHEA8I0NA
TvkqJ8YEIsTb16RnnrNyfQ,xTNtyQsPdunuGAIcn69J8Q
TvkqJ8YEIsTb16RnnrNyfQ,xTNtyQsPdunuGAIcn69J8Q
TvkqJ8YEIsTb16RnnrNyfQ,u7CxxEzx8hvjoJ8onN4zTg
TvkqJ8YEIsTb16RnnrNyfQ,1CqDdPrrb0xvQpgu7fhI5w
TvkqJ8YEIsTb16RnnrNyfQ,Os2gtbn-gTJXz0lKge6VDg
TvkqJ8YEIsTb16RnnrNyfQ,Os2gtbn-gTJXz0lKge6VDg
TvkqJ8YEIsTb16RnnrNyfQ,GtioOu-ZcwVJUhTgox4lsA
TvkqJ8YEIsTb16RnnrNyfQ,GtioOu-ZcwVJUhTgox4lsA
TvkqJ8YEIsTb16RnnrNyfQ,_AKdBFzkl7GY-daxUCCbVA
TvkqJ8YEIsTb16RnnrNyfQ,N_IytPmdrTc9yn3tWPFtQg
TvkqJ8YEIsTb16RnnrNyfQ,Lyq7ULam8T-ZddYLHq4DqA
TvkqJ8YEIsTb16RnnrNyfQ,QFPS9JBNdOOHVP0C3pSslw
TvkqJ8YEIsTb16RnnrNyfQ,HWjqW5ZFJ8eZRQuHcpySQA
TvkqJ8YEIsTb16RnnrNyfQ,3x45Q9c5G6VBicedNKrXxQ
lJ2rbcLTtIVKW2WzC0hhLg,JzB7NITHQ7gVHGVZ1ntgIQ
lJ2rbcLTtIVKW2WzC0hhLg,cGQKUOAZm_VHcQOJWbatog
lJ2rbcLTtIVKW2WzC0hhLg,VaQhUU3P4Z5A3oYPsEMbkw
lJ2rbcLTtIVKW2WzC0hhLg,EnJS6OeeknzOjVUX6RYwlQ
lJ2rbcLTtIVKW2WzC0hhLg,azE1DNVQFBU8boVbaJhj7w
lJ2rbcLTtIVKW2WzC0hhLg,v50-nvBCZNf7nCNbyUlQLw
lJ2rbcLTtIVKW2WzC0hhLg,iT9KMTR8NqYwSCW-zMUOxw
lJ2rbcLTtIVKW2WzC0hhLg,iT9KMTR8NqYwSCW-zMUOxw
lJ2rbcLTtIVKW2WzC0hhLg,-igpUhnA1b5iUK6rfAtuPw
lJ2rbcLTtIVKW2WzC0hhLg,fQJ0JhjEoSZPts839cYEaA
lJ2rbcLTtIVKW2WzC0hhLg,mRZCTkOgDc28VWYMvo3nVQ
lJ2rbcLTtIVKW2WzC0hhLg,ZeLSZRm_l0Aw7idB3_fKbA
lJ2rbcLTtIVKW2WzC0hhLg,1cGyzWtfOoDiE8V0OR85yA
lJ2rbcLTtIVKW2WzC0hhLg,1cGyzWtfOoDiE8V0OR85yA
lJ2rbcLTtIVKW2WzC0hhLg,1cGyzWtfOoDiE8V0OR85yA
lJ2rbcLTtIVKW2WzC0hhLg,RxNPIAim-2fIw43IilR62g
lJ2rbcLTtIVKW2WzC0hhLg,2M8HhQRsKqETmxo8YhtVGQ
lJ2rbcLTtIVKW2WzC0hhLg,cKDql3YTCVyh2ljA21yE2A
lJ2rbcLTtIVKW2WzC0hhLg,cKDql3YTCVyh2ljA21yE2A
lJ2rbcLTtIVKW2WzC0hhLg,cKDql3YTCVyh2ljA21yE2A
lJ2rbcLTtIVKW2WzC0hhLg,2uDJ3Vd1E_49QMNuSQYpyQ
lJ2rbcLTtIVKW2WzC0hhLg,BIN_lwo-4Y441qdDljtdlw
lJ2rbcLTtIVKW2WzC0hhLg,BIN_lwo-4Y441qdDljtdlw
lJ2rbcLTtIVKW2WzC0hhLg,Fozo0B-y42EhRMomR0K5vQ
lJ2rbcLTtIVKW2WzC0hhLg,GAmd3nHx5TInVN26PLZj7g
lJ2rbcLTtIVKW2WzC0hhLg,cJREFoHP-dAYmwDzfWOHbA
lJ2rbcLTtIVKW2WzC0hhLg,cJREFoHP-dAYmwDzfWOHbA
lJ2rbcLTtIVKW2WzC0hhLg,PRsiM1hkoAIb-e7ov8SMkA
lJ2rbcLTtIVKW2WzC0hhLg,7wMB3wMbOp0gq3l6nHfOaA
o9fbX0eNRqaX0K-PmuXWnQ,JzB7NITHQ7gVHGVZ1ntgIQ
o9fbX0eNRqaX0K-PmuXWnQ,aj2v7_ywAYgrHLn8JXup7g
OVpt8ITCEWyYBjn0N3CRwg,JzB7NITHQ7gVHGVZ1ntgIQ
OVpt8ITCEWyYBjn0N3CRwg,3GMgxgK11TqpQq8TWh_7uA
ObtNPACE7Cv07k9t7aM2YQ,JzB7NITHQ7gVHGVZ1ntgIQ
ObtNPACE7Cv07k9t7aM2YQ,JzB7NITHQ7gVHGVZ1ntgIQ
QGgWWhEi5R4SLAKN-xwtNQ,JzB7NITHQ7gVHGVZ1ntgIQ
QGgWWhEi5R4SLAKN-xwtNQ,gWa8pM4i8cti9HjtUdw8yg
QGgWWhEi5R4SLAKN-xwtNQ,WsL82O6zO2gnxoaJzlUvAQ
QGgWWhEi5R4SLAKN-xwtNQ,8nNB_yG1gzVpbqNH2EBucg
QGgWWhEi5R4SLAKN-xwtNQ,SRYM6FaIF6LuXldcC1PY8w
QGgWWhEi5R4SLAKN-xwtNQ,TWkL-VHo6P-WwL8iTvqlYQ
QGgWWhEi5R4SLAKN-xwtNQ,xUvgrDdKhcmaP6Zv0ssb6A
QGgWWhEi5R4SLAKN-xwtNQ,xUvgrDdKhcmaP6Zv0ssb6A
QGgWWhEi5R4SLAKN-xwtNQ,4FFhq0e4bxAG4uXqgT14jQ
QGgWWhEi5R4SLAKN-xwtNQ,-InU2nAbC9AuS-Um2Cowgw
QGgWWhEi5R4SLAKN-xwtNQ,SurnOSM2bVVN4-Js3G23RQ
QGgWWhEi5R4SLAKN-xwtNQ,ydhgMcBh4A_eihzEAg9LLQ
QGgWWhEi5R4SLAKN-xwtNQ,3CBLxydJU6CFRMGhu9b-sw
QGgWWhEi5R4SLAKN-xwtNQ,Ue4wtaeyhPKvdkXlULimCw
QGgWWhEi5R4SLAKN-xwtNQ,qlx_X6JXqRuBxE7CvDROzA
QGgWWhEi5R4SLAKN-xwtNQ,ILHR4Kifn65EDM9f_OzwjA
QGgWWhEi5R4SLAKN-xwtNQ,qnql60YyttH_nMfufiHHtw
QGgWWhEi5R4SLAKN-xwtNQ,6We2O5X62J_gduXU7jvf8w
QGgWWhEi5R4SLAKN-xwtNQ,dSwOo43YKAIvp0PjNXdW2g
QGgWWhEi5R4SLAKN-xwtNQ,PcaUH8LAXd2aFbzMluYoyg
QGgWWhEi5R4SLAKN-xwtNQ,lkpoSg7xf60BsrOjdm0CBA
QGgWWhEi5R4SLAKN-xwtNQ,ITOa1olD2HTgEVOnH8zVog
QGgWWhEi5R4SLAKN-xwtNQ,ITOa1olD2HTgEVOnH8zVog
QGgWWhEi5R4SLAKN-xwtNQ,qRuKEfk4Iqzm8TIu6PuN_w
QGgWWhEi5R4SLAKN-xwtNQ,VkOyrR6CDfhZ7hh4yOvhiw
bMBJlqFfwslLXJmoMNuTJA,JzB7NITHQ7gVHGVZ1ntgIQ
0l1I3fu22Aec8S5VG6NiqQ,JzB7NITHQ7gVHGVZ1ntgIQ
0l1I3fu22Aec8S5VG6NiqQ,7FxdbDj8smpkpmmgyojIWw
4rYg5UywNqmKywRWJXOp4g,JHrZlJBq8QNdugfmxug1rg
4rYg5UywNqmKywRWJXOp4g,JHrZlJBq8QNdugfmxug1rg
VF49DRllHsERdrlcdZdibA,JHrZlJBq8QNdugfmxug1rg
2CZmJp_S-DCh-CvII15xxQ,I9X0wHeZF42h8M-kJjT0og
2CZmJp_S-DCh-CvII15xxQ,hVGzRz8AW_dMDDJlWZV_kQ
s9v9DdHe2OnkeX9rmv_Q2A,I9X0wHeZF42h8M-kJjT0og
s9v9DdHe2OnkeX9rmv_Q2A,AuOkeVkc38UaZeq-u14dCg
s9v9DdHe2OnkeX9rmv_Q2A,EbxaQO95C7PUNTmokE70XA
s1WJ1wVeA0Ot2e8ynYbphA,mTPC_emDlTlfwr5o8A9APw
60Eaz-QfBMp8WwD8VVrWxA,mTPC_emDlTlfwr5o8A9APw
MolXvMRbUNY6Yr_s0zEQ0A,mTPC_emDlTlfwr5o8A9APw
MolXvMRbUNY6Yr_s0zEQ0A,TvL29lvPQU5GtPEN-J0wIA
MolXvMRbUNY6Yr_s0zEQ0A,MTsIckdo3_uKuqk3B4zuKA
PZNMPWCViVX8JLsn10MSnQ,i_pDTvnEn71NceP3nfGq5Q
PZNMPWCViVX8JLsn10MSnQ,o0--5nrZKIT5jEEnhV2Mlw
PZNMPWCViVX8JLsn10MSnQ,sz02ngS-FKPhRvxWV86b8g
PZNMPWCViVX8JLsn10MSnQ,0w5Oh6WCXhEXrhVlVrH4Rg
PZNMPWCViVX8JLsn10MSnQ,D8oM_IYmJUkwWUzBH_f8rg
PZNMPWCViVX8JLsn10MSnQ,OmnFXovjCVVlqhPt9TU2gA
PZNMPWCViVX8JLsn10MSnQ,OmnFXovjCVVlqhPt9TU2gA
PZNMPWCViVX8JLsn10MSnQ,OmnFXovjCVVlqhPt9TU2gA
PZNMPWCViVX8JLsn10MSnQ,OmnFXovjCVVlqhPt9TU2gA
PZNMPWCViVX8JLsn10MSnQ,OmnFXovjCVVlqhPt9TU2gA
PZNMPWCViVX8JLsn10MSnQ,eDusRHhrFW_Y555LjQrlzw
PZNMPWCViVX8JLsn10MSnQ,mqluTlSbZSstVyNKU8G9vw
PZNMPWCViVX8JLsn10MSnQ,mqluTlSbZSstVyNKU8G9vw
PZNMPWCViVX8JLsn10MSnQ,gRTEQPvX3s1WzFhOPNbVeg
PZNMPWCViVX8JLsn10MSnQ,Vh_7bnBfhePLw7obsuK0Lw
PZNMPWCViVX8JLsn10MSnQ,rbZ4AHL1LV8KGW9NDGbI9w
PZNMPWCViVX8JLsn10MSnQ,CsguIDuWWwsy58seF52RoQ
PZNMPWCViVX8JLsn10MSnQ,bXCIqbwQykc7P6t-DsDF6g
PZNMPWCViVX8JLsn10MSnQ,T3syhQWse9WtFMoWk-oN6g
PZNMPWCViVX8JLsn10MSnQ,T3syhQWse9WtFMoWk-oN6g
PZNMPWCViVX8JLsn10MSnQ,9aSMIZjC7tdXM-VyC6g0Qg
PZNMPWCViVX8JLsn10MSnQ,ccDRE8wvhikoajUIiMBL0Q
PZNMPWCViVX8JLsn10MSnQ,pBSIzR0uR2LSs4ZrvIOrMw
PZNMPWCViVX8JLsn10MSnQ,CTiWs36A_sX3eahdqrYxUQ
PZNMPWCViVX8JLsn10MSnQ,WY5Nn8--uHauNleE4JAPrw
PZNMPWCViVX8JLsn10MSnQ,Vq4wz0wm6PrCDhw23AgJ9w
PZNMPWCViVX8JLsn10MSnQ,KPgyqG3MyFUDK7GRbUg51A
PZNMPWCViVX8JLsn10MSnQ,KNpcPGqDORDdvtekXd348w
PZNMPWCViVX8JLsn10MSnQ,KNpcPGqDORDdvtekXd348w
PZNMPWCViVX8JLsn10MSnQ,xkgX0lzCY-S62e4Q1mvgiA
PZNMPWCViVX8JLsn10MSnQ,41f1utKc483Fw4mP4AFfJA
PZNMPWCViVX8JLsn10MSnQ,nxo1C5te8Aug-Lf5D_0b1A
PZNMPWCViVX8JLsn10MSnQ,uYzaARioENSfB9Y9Gk2PDA
PZNMPWCViVX8JLsn10MSnQ,yCXYIz0MxVfT05TRwr1EiQ
PZNMPWCViVX8JLsn10MSnQ,NxFuteLIIgD96vLSowo-3w
PZNMPWCViVX8JLsn10MSnQ,NxFuteLIIgD96vLSowo-3w
PZNMPWCViVX8JLsn10MSnQ,NxFuteLIIgD96vLSowo-3w
PZNMPWCViVX8JLsn10MSnQ,NxFuteLIIgD96vLSowo-3w
PZNMPWCViVX8JLsn10MSnQ,hsRjct8UiUHU54B983GmcA
PZNMPWCViVX8JLsn10MSnQ,3GuqcEYaF1d1WXcwOX5xPw
PZNMPWCViVX8JLsn10MSnQ,RxNPIAim-2fIw43IilR62g
PZNMPWCViVX8JLsn10MSnQ,MNmQ1s-zdjEgm3bdRs7iEw
PZNMPWCViVX8JLsn10MSnQ,MNmQ1s-zdjEgm3bdRs7iEw
PZNMPWCViVX8JLsn10MSnQ,oP0eUhf44jU71-I8DwKU5A
PZNMPWCViVX8JLsn10MSnQ,Bf-yMQiSmDZyqfGyFKQ0bA
PZNMPWCViVX8JLsn10MSnQ,opjEyudWKz_AJreQs959Aw
PZNMPWCViVX8JLsn10MSnQ,hbU9i9ajkai8OnTMxiMThA
PZNMPWCViVX8JLsn10MSnQ,Sk0jAL8cPgCSVRU8-pD8QA
PZNMPWCViVX8JLsn10MSnQ,QfpJ7YX-CKU6YMrC154quQ
PZNMPWCViVX8JLsn10MSnQ,ofGLoCpwEauC1-oi99cdGg
PZNMPWCViVX8JLsn10MSnQ,ofGLoCpwEauC1-oi99cdGg
PZNMPWCViVX8JLsn10MSnQ,L-v6TXGRfNFrNbxvZ9O7wA
PZNMPWCViVX8JLsn10MSnQ,eKvqJHXhxZwAuLCd5KYmqA
PZNMPWCViVX8JLsn10MSnQ,I-D4qEtJJ4okSLrLKxMMRw
PZNMPWCViVX8JLsn10MSnQ,y6lu1-YjIQ9uOfClT7VAag
PZNMPWCViVX8JLsn10MSnQ,Fh-mO_bD6AuSnJab5r6i0A
PZNMPWCViVX8JLsn10MSnQ,RYfH2jq81x2v6vTCUj5voQ
PZNMPWCViVX8JLsn10MSnQ,Tzp6kdtA7coJgnY3-hFHtw
PZNMPWCViVX8JLsn10MSnQ,1f6wWD3iud8auBlYkQ9STg
PZNMPWCViVX8JLsn10MSnQ,7Av7uSgowKNGQtnxWxcKxg
PZNMPWCViVX8JLsn10MSnQ,3Izv7UguuUGZt-DYBw1gaw
PZNMPWCViVX8JLsn10MSnQ,RHjqtFnsyMoIbqKk3vYQnA
PZNMPWCViVX8JLsn10MSnQ,4d6eYel4nqoBk0bWCa-_aA
PZNMPWCViVX8JLsn10MSnQ,nYFhYM9JQbWnxI3zEd-gug
PZNMPWCViVX8JLsn10MSnQ,VxOsyWUIKsgafJmnfInbbg
PZNMPWCViVX8JLsn10MSnQ,rQXzCp-vsVpsPWFZX6Ua9w
PZNMPWCViVX8JLsn10MSnQ,nJvUlpx9ODF2e1MszNYY3g
PZNMPWCViVX8JLsn10MSnQ,_R1jBQQieKpNGMBqmrLRyA
PZNMPWCViVX8JLsn10MSnQ,s36Rk0jd78z75LaqifnU3Q
PZNMPWCViVX8JLsn10MSnQ,s36Rk0jd78z75LaqifnU3Q
PZNMPWCViVX8JLsn10MSnQ,462vn0tiPlmWRcP71yYOTQ
PZNMPWCViVX8JLsn10MSnQ,462vn0tiPlmWRcP71yYOTQ
PZNMPWCViVX8JLsn10MSnQ,DBtmJXpwS31E0cDZo7ypGw
PZNMPWCViVX8JLsn10MSnQ,IqFEORjcxP-rC2Hu-Srn8g
PZNMPWCViVX8JLsn10MSnQ,IqFEORjcxP-rC2Hu-Srn8g
PZNMPWCViVX8JLsn10MSnQ,hSZCMPtmGEHu3V_PjiSxGw
PZNMPWCViVX8JLsn10MSnQ,Krgm7kXv9w6u933NvDLKmQ
PZNMPWCViVX8JLsn10MSnQ,Krgm7kXv9w6u933NvDLKmQ
PZNMPWCViVX8JLsn10MSnQ,Krgm7kXv9w6u933NvDLKmQ
PZNMPWCViVX8JLsn10MSnQ,JtNVcqioJhS8GZ-If30oHg
PZNMPWCViVX8JLsn10MSnQ,hH8ymTeBZKQJRJAwWQ3FCQ
PZNMPWCViVX8JLsn10MSnQ,ZJjcyXWPg_d-jx7obAtitA
PZNMPWCViVX8JLsn10MSnQ,ZJjcyXWPg_d-jx7obAtitA
PZNMPWCViVX8JLsn10MSnQ,5ibArVDuhcaumtxa37eUFg
PZNMPWCViVX8JLsn10MSnQ,gh6__q2WXFuyN8gt6VAnWw
PZNMPWCViVX8JLsn10MSnQ,-8ILwSisSrTzcyy_Z0o9oA
PZNMPWCViVX8JLsn10MSnQ,yOMqpiJrNg1TqsmNa5R8mw
PZNMPWCViVX8JLsn10MSnQ,yOMqpiJrNg1TqsmNa5R8mw
PZNMPWCViVX8JLsn10MSnQ,2KIUW-yH8tiCb3MH-vaVaQ
PZNMPWCViVX8JLsn10MSnQ,hMKGFZMmho5frQThLUJDLQ
PZNMPWCViVX8JLsn10MSnQ,IX6i-HkXR16yd4wCckejdQ
PZNMPWCViVX8JLsn10MSnQ,ZJbYPQXVykwmjcvvIXS2EQ
PZNMPWCViVX8JLsn10MSnQ,PrNdvlxp2E-PKqQTy6IGfA
PZNMPWCViVX8JLsn10MSnQ,uSVSllAbQ71Aenmdy0r3Rw
PZNMPWCViVX8JLsn10MSnQ,asls06FL7gbC5DMz8AMzlA
PZNMPWCViVX8JLsn10MSnQ,yDY33msXzBryMeOvenHqPQ
PZNMPWCViVX8JLsn10MSnQ,G2hXfdIKdhI6TVQrXpTnFA
PZNMPWCViVX8JLsn10MSnQ,uVbsGXYwvvqZPwNys8RfqA
PZNMPWCViVX8JLsn10MSnQ,OgNw088BpUamDAJuW9YN6A
PZNMPWCViVX8JLsn10MSnQ,X4QbkHl7pOTVsgLa7XuUBg
PZNMPWCViVX8JLsn10MSnQ,zryqIaZl13-iEd6Ienq_yA
PZNMPWCViVX8JLsn10MSnQ,pSkEbA9hcqaRb7kGcskFLA
PZNMPWCViVX8JLsn10MSnQ,pSkEbA9hcqaRb7kGcskFLA
PZNMPWCViVX8JLsn10MSnQ,w4T8CLarUWVjjRuOK9wKpw
P_BIoF_MZY3zyCSoPXRt6A,sAU0FbmsQwcwk3uvvvtIgw
rGuevqz7WCka0f4UfkHurQ,sAU0FbmsQwcwk3uvvvtIgw
rGuevqz7WCka0f4UfkHurQ,PgdQrTSOX132EgNj8VPNlg
rGuevqz7WCka0f4UfkHurQ,og04KLFbOsvu7vTy-uchTA
rGuevqz7WCka0f4UfkHurQ,vXEZ-r6fah-5Fjt3a6c-Gw
rGuevqz7WCka0f4UfkHurQ,IBGrQ6YUywBp1Hqu9c1LZQ
rGuevqz7WCka0f4UfkHurQ,CbknIRgrxZGmLUDuvogerQ
R6a_3dRlJI6n_yX2eToxuw,sAU0FbmsQwcwk3uvvvtIgw
w_sHTw7fEH7WE1Z0RKZ8Ow,sAU0FbmsQwcwk3uvvvtIgw
w_sHTw7fEH7WE1Z0RKZ8Ow,oQDUqkRer00JcB6DDRNH5A
w_sHTw7fEH7WE1Z0RKZ8Ow,IBGrQ6YUywBp1Hqu9c1LZQ
w_sHTw7fEH7WE1Z0RKZ8Ow,JxSmlL_MckX0dvS5XBg0Cg
e7CFEOn4y2dsS61-9SbCeA,IZzrRI4Sxtq5PukX6UOe8w
e7CFEOn4y2dsS61-9SbCeA,qrcAGkBi0Qhg0HIfUJBDhg
e7CFEOn4y2dsS61-9SbCeA,M4j1x7jKQZ6Mf3Bj-j-6yg
e7CFEOn4y2dsS61-9SbCeA,M4j1x7jKQZ6Mf3Bj-j-6yg
e7CFEOn4y2dsS61-9SbCeA,M4j1x7jKQZ6Mf3Bj-j-6yg
e7CFEOn4y2dsS61-9SbCeA,QqpzPFFHeHqyWSPZI-DkvQ
e7CFEOn4y2dsS61-9SbCeA,ESzO3Av0b1_TzKOiqzbQYQ
e7CFEOn4y2dsS61-9SbCeA,E4U8RCe42CpT3rtof7hEwQ
e7CFEOn4y2dsS61-9SbCeA,CwGRFM0Y9ca8MBxg2lVqbQ
e7CFEOn4y2dsS61-9SbCeA,CS7DuVN2YkWDU7aoeFj-og
e7CFEOn4y2dsS61-9SbCeA,CS7DuVN2YkWDU7aoeFj-og
e7CFEOn4y2dsS61-9SbCeA,jqBUVAWJRJ6QIGXVuhdVvw
e7CFEOn4y2dsS61-9SbCeA,ugmQx75KCr8nc8E-d69K8g
e7CFEOn4y2dsS61-9SbCeA,T4PmlxuoVDYekaqsFEG9RA
e7CFEOn4y2dsS61-9SbCeA,laYIPajrOJmmQHZYOdg_hQ
e7CFEOn4y2dsS61-9SbCeA,laYIPajrOJmmQHZYOdg_hQ
blrWvPePSv87aU9hV1Zd8Q,IZzrRI4Sxtq5PukX6UOe8w
blrWvPePSv87aU9hV1Zd8Q,TdTl_T42gbewHCMQVqZ_xA
blrWvPePSv87aU9hV1Zd8Q,zh5mfoKjrLnxdaKap-aaxg
blrWvPePSv87aU9hV1Zd8Q,2PxLNObSxaTp9kx6nD7LVg
blrWvPePSv87aU9hV1Zd8Q,LqTAIHCtD1Ac_dIGu19CdA
blrWvPePSv87aU9hV1Zd8Q,p9y8sbVHi-0vrsFoMU0jJg
blrWvPePSv87aU9hV1Zd8Q,ESzO3Av0b1_TzKOiqzbQYQ
blrWvPePSv87aU9hV1Zd8Q,ESzO3Av0b1_TzKOiqzbQYQ
blrWvPePSv87aU9hV1Zd8Q,ESzO3Av0b1_TzKOiqzbQYQ
blrWvPePSv87aU9hV1Zd8Q,gkuLY-Z0hWag3zLUtcTBjA
blrWvPePSv87aU9hV1Zd8Q,gkuLY-Z0hWag3zLUtcTBjA
blrWvPePSv87aU9hV1Zd8Q,Mem13A3C202RzT53npn4NA
blrWvPePSv87aU9hV1Zd8Q,PgdQrTSOX132EgNj8VPNlg
blrWvPePSv87aU9hV1Zd8Q,e_wiw1wi4MKm2Wnk08xiGw
blrWvPePSv87aU9hV1Zd8Q,TFdLM8R_7Pf1xVeBNKl0hg
blrWvPePSv87aU9hV1Zd8Q,TFdLM8R_7Pf1xVeBNKl0hg
blrWvPePSv87aU9hV1Zd8Q,TFdLM8R_7Pf1xVeBNKl0hg
blrWvPePSv87aU9hV1Zd8Q,08t3_HjbpLyPeuft6eoa5A
blrWvPePSv87aU9hV1Zd8Q,08t3_HjbpLyPeuft6eoa5A
blrWvPePSv87aU9hV1Zd8Q,08t3_HjbpLyPeuft6eoa5A
blrWvPePSv87aU9hV1Zd8Q,08t3_HjbpLyPeuft6eoa5A
blrWvPePSv87aU9hV1Zd8Q,08t3_HjbpLyPeuft6eoa5A
blrWvPePSv87aU9hV1Zd8Q,08t3_HjbpLyPeuft6eoa5A
blrWvPePSv87aU9hV1Zd8Q,08t3_HjbpLyPeuft6eoa5A
blrWvPePSv87aU9hV1Zd8Q,08t3_HjbpLyPeuft6eoa5A
blrWvPePSv87aU9hV1Zd8Q,08t3_HjbpLyPeuft6eoa5A
blrWvPePSv87aU9hV1Zd8Q,08t3_HjbpLyPeuft6eoa5A
blrWvPePSv87aU9hV1Zd8Q,08t3_HjbpLyPeuft6eoa5A
blrWvPePSv87aU9hV1Zd8Q,08t3_HjbpLyPeuft6eoa5A
blrWvPePSv87aU9hV1Zd8Q,08t3_HjbpLyPeuft6eoa5A
blrWvPePSv87aU9hV1Zd8Q,08t3_HjbpLyPeuft6eoa5A
blrWvPePSv87aU9hV1Zd8Q,08t3_HjbpLyPeuft6eoa5A
blrWvPePSv87aU9hV1Zd8Q,08t3_HjbpLyPeuft6eoa5A
blrWvPePSv87aU9hV1Zd8Q,08t3_HjbpLyPeuft6eoa5A
blrWvPePSv87aU9hV1Zd8Q,08t3_HjbpLyPeuft6eoa5A
blrWvPePSv87aU9hV1Zd8Q,08t3_HjbpLyPeuft6eoa5A
blrWvPePSv87aU9hV1Zd8Q,08t3_HjbpLyPeuft6eoa5A
blrWvPePSv87aU9hV1Zd8Q,08t3_HjbpLyPeuft6eoa5A
blrWvPePSv87aU9hV1Zd8Q,08t3_HjbpLyPeuft6eoa5A
blrWvPePSv87aU9hV1Zd8Q,08t3_HjbpLyPeuft6eoa5A
blrWvPePSv87aU9hV1Zd8Q,08t3_HjbpLyPeuft6eoa5A
blrWvPePSv87aU9hV1Zd8Q,08t3_HjbpLyPeuft6eoa5A
blrWvPePSv87aU9hV1Zd8Q,Uh6EhbFKgQlhVpfvnqsfHA
blrWvPePSv87aU9hV1Zd8Q,x_c-KatYu_utcgl_n0LAbg
blrWvPePSv87aU9hV1Zd8Q,x_c-KatYu_utcgl_n0LAbg
blrWvPePSv87aU9hV1Zd8Q,x_c-KatYu_utcgl_n0LAbg
blrWvPePSv87aU9hV1Zd8Q,x_c-KatYu_utcgl_n0LAbg
blrWvPePSv87aU9hV1Zd8Q,x_c-KatYu_utcgl_n0LAbg
blrWvPePSv87aU9hV1Zd8Q,x_c-KatYu_utcgl_n0LAbg
blrWvPePSv87aU9hV1Zd8Q,x_c-KatYu_utcgl_n0LAbg
blrWvPePSv87aU9hV1Zd8Q,x_c-KatYu_utcgl_n0LAbg
blrWvPePSv87aU9hV1Zd8Q,x_c-KatYu_utcgl_n0LAbg
blrWvPePSv87aU9hV1Zd8Q,nlVjdQq9FzdQ3bfy-8y80g
blrWvPePSv87aU9hV1Zd8Q,nlVjdQq9FzdQ3bfy-8y80g
blrWvPePSv87aU9hV1Zd8Q,_9PUJYKVEspmGfMjdTxlcQ
blrWvPePSv87aU9hV1Zd8Q,CK-Gv3vqIlWOrKP4fhT8_g
blrWvPePSv87aU9hV1Zd8Q,1GaooxqCWHzulI2Ub3CXEw
blrWvPePSv87aU9hV1Zd8Q,1GaooxqCWHzulI2Ub3CXEw
blrWvPePSv87aU9hV1Zd8Q,1GaooxqCWHzulI2Ub3CXEw
blrWvPePSv87aU9hV1Zd8Q,1qxmO1zpYegBxV8XDLE8ZA
blrWvPePSv87aU9hV1Zd8Q,1qxmO1zpYegBxV8XDLE8ZA
blrWvPePSv87aU9hV1Zd8Q,dMLGSQlmo6MhLD18grRENA
blrWvPePSv87aU9hV1Zd8Q,dMLGSQlmo6MhLD18grRENA
blrWvPePSv87aU9hV1Zd8Q,dMLGSQlmo6MhLD18grRENA
blrWvPePSv87aU9hV1Zd8Q,dMLGSQlmo6MhLD18grRENA
blrWvPePSv87aU9hV1Zd8Q,dMLGSQlmo6MhLD18grRENA
blrWvPePSv87aU9hV1Zd8Q,dMLGSQlmo6MhLD18grRENA
blrWvPePSv87aU9hV1Zd8Q,Aror3Q3exo1uWxsH4eWkzA
blrWvPePSv87aU9hV1Zd8Q,Aror3Q3exo1uWxsH4eWkzA
blrWvPePSv87aU9hV1Zd8Q,azE1DNVQFBU8boVbaJhj7w
blrWvPePSv87aU9hV1Zd8Q,TVSk_tmVnnqS6ZCp7oJj1g
blrWvPePSv87aU9hV1Zd8Q,nwjIvTxJt2GpMoKzuKWIBQ
blrWvPePSv87aU9hV1Zd8Q,pHDLRIG2Xu1_1mkGAbyEmw
blrWvPePSv87aU9hV1Zd8Q,pHDLRIG2Xu1_1mkGAbyEmw
blrWvPePSv87aU9hV1Zd8Q,pHDLRIG2Xu1_1mkGAbyEmw
blrWvPePSv87aU9hV1Zd8Q,pHDLRIG2Xu1_1mkGAbyEmw
blrWvPePSv87aU9hV1Zd8Q,pHDLRIG2Xu1_1mkGAbyEmw
blrWvPePSv87aU9hV1Zd8Q,bsXRu6wXmn_pRAGToCEPjQ
blrWvPePSv87aU9hV1Zd8Q,H6L2wkwoviYUZBcWPSTJjw
blrWvPePSv87aU9hV1Zd8Q,npmZLYeNUrniHvXsnqsQ0w
blrWvPePSv87aU9hV1Zd8Q,9IG8B3Dvgd9sh4uKrRtciw
blrWvPePSv87aU9hV1Zd8Q,9IG8B3Dvgd9sh4uKrRtciw
blrWvPePSv87aU9hV1Zd8Q,9IG8B3Dvgd9sh4uKrRtciw
blrWvPePSv87aU9hV1Zd8Q,KtTZHVDu2dEn-_qne4ZGAw
blrWvPePSv87aU9hV1Zd8Q,Nx5RAT-7gDz2C5Kh2WwJPQ
blrWvPePSv87aU9hV1Zd8Q,3zGyd9KAloFIlMhAZpMi6Q
blrWvPePSv87aU9hV1Zd8Q,3zGyd9KAloFIlMhAZpMi6Q
blrWvPePSv87aU9hV1Zd8Q,1vXAeVpQPF_2ai__lMmUIw
blrWvPePSv87aU9hV1Zd8Q,1vXAeVpQPF_2ai__lMmUIw
blrWvPePSv87aU9hV1Zd8Q,1vXAeVpQPF_2ai__lMmUIw
blrWvPePSv87aU9hV1Zd8Q,Hs68UjZqsTncXTT7V0J9fg
blrWvPePSv87aU9hV1Zd8Q,sWucpMb_MDdqAthWFFisow
blrWvPePSv87aU9hV1Zd8Q,sWucpMb_MDdqAthWFFisow
blrWvPePSv87aU9hV1Zd8Q,e_Nf4zAA1KZq80aoy3v8Ng
blrWvPePSv87aU9hV1Zd8Q,e_Nf4zAA1KZq80aoy3v8Ng
blrWvPePSv87aU9hV1Zd8Q,JC-8I-jD2FUaFc3512dVcQ
blrWvPePSv87aU9hV1Zd8Q,PJcOOjebn86geLXG2qPB_Q
blrWvPePSv87aU9hV1Zd8Q,pzJLbHcXpm_MYkJ1c6qbbg
blrWvPePSv87aU9hV1Zd8Q,l-LdRz-IWlX8N7lSfdSDPQ
blrWvPePSv87aU9hV1Zd8Q,4svZRamnXS5aFatqggQezA
blrWvPePSv87aU9hV1Zd8Q,zXaW8C2qtFHGVTETEcUX9g
blrWvPePSv87aU9hV1Zd8Q,rmzOeemTM-1jiJprpHec0A
blrWvPePSv87aU9hV1Zd8Q,C0c3ahJp1U4Jg_kgGoyXKw
blrWvPePSv87aU9hV1Zd8Q,VxRlBe2wjtycFWSZm1orTA
blrWvPePSv87aU9hV1Zd8Q,VxRlBe2wjtycFWSZm1orTA
blrWvPePSv87aU9hV1Zd8Q,VxRlBe2wjtycFWSZm1orTA
blrWvPePSv87aU9hV1Zd8Q,VxRlBe2wjtycFWSZm1orTA
blrWvPePSv87aU9hV1Zd8Q,2eVpkjDioFSgp2C27mSdHQ
blrWvPePSv87aU9hV1Zd8Q,2eVpkjDioFSgp2C27mSdHQ
blrWvPePSv87aU9hV1Zd8Q,2eVpkjDioFSgp2C27mSdHQ
blrWvPePSv87aU9hV1Zd8Q,2eVpkjDioFSgp2C27mSdHQ
blrWvPePSv87aU9hV1Zd8Q,2eVpkjDioFSgp2C27mSdHQ
blrWvPePSv87aU9hV1Zd8Q,2eVpkjDioFSgp2C27mSdHQ
blrWvPePSv87aU9hV1Zd8Q,g79Oko2vvKDU6PpdsNkZzw
blrWvPePSv87aU9hV1Zd8Q,5lMgsMFb1hAmP6YTCzBAcw
blrWvPePSv87aU9hV1Zd8Q,4PRtBWAtJvrRE-8Hm4UPig
blrWvPePSv87aU9hV1Zd8Q,7l-CCyNnvT86GMR5EtYjog
blrWvPePSv87aU9hV1Zd8Q,t10m0NFWgbSy7wADAro2bw
blrWvPePSv87aU9hV1Zd8Q,WKPm5nCLjmF3ph1kyhyBTA
blrWvPePSv87aU9hV1Zd8Q,WKPm5nCLjmF3ph1kyhyBTA
blrWvPePSv87aU9hV1Zd8Q,WKPm5nCLjmF3ph1kyhyBTA
blrWvPePSv87aU9hV1Zd8Q,WKPm5nCLjmF3ph1kyhyBTA
blrWvPePSv87aU9hV1Zd8Q,WKPm5nCLjmF3ph1kyhyBTA
blrWvPePSv87aU9hV1Zd8Q,WKPm5nCLjmF3ph1kyhyBTA
blrWvPePSv87aU9hV1Zd8Q,oBsbQlzSdK7XozGE6v1F4w
blrWvPePSv87aU9hV1Zd8Q,k8NHw2fUjisdp38PLCl0JA
blrWvPePSv87aU9hV1Zd8Q,rcHiiBoy5TE9fjt41frk1g
blrWvPePSv87aU9hV1Zd8Q,rcHiiBoy5TE9fjt41frk1g
blrWvPePSv87aU9hV1Zd8Q,lRfteK8D_8pfoFTk4ZuOqw
blrWvPePSv87aU9hV1Zd8Q,vXpB8lRDXaWwwbmT3CAQwQ
blrWvPePSv87aU9hV1Zd8Q,FdRHqEdH5QIFdWGQ9CcFSw
blrWvPePSv87aU9hV1Zd8Q,FdRHqEdH5QIFdWGQ9CcFSw
blrWvPePSv87aU9hV1Zd8Q,trpUpkB4lxReIhfr60hlww
blrWvPePSv87aU9hV1Zd8Q,FsDogwXYckKUgs5VUoPbJw
blrWvPePSv87aU9hV1Zd8Q,toEpYp-Hv8fMc3dW6RcJqA
blrWvPePSv87aU9hV1Zd8Q,uv-e-d43NN-1_DcCoJL-Og
blrWvPePSv87aU9hV1Zd8Q,sHB4PVLgugU9TGfOdBvgqw
blrWvPePSv87aU9hV1Zd8Q,0youcKV6-eE3F2MQj1l6Fw
blrWvPePSv87aU9hV1Zd8Q,LQFmktF43j2NPncKdNd9mg
blrWvPePSv87aU9hV1Zd8Q,1dhPgc7E7IzzpxjHM2LphQ
blrWvPePSv87aU9hV1Zd8Q,cpRiIxqubDa4JV58ZR7-cg
blrWvPePSv87aU9hV1Zd8Q,NN6HpdvQlGZUVjBwzhgUWQ
blrWvPePSv87aU9hV1Zd8Q,uIovmfzrCcJIlzfbpj_hzg
blrWvPePSv87aU9hV1Zd8Q,X-b4-QvZLENnf3yFwhpSXQ
blrWvPePSv87aU9hV1Zd8Q,p_2Q6ebOtBOHCpBrvb78lg
blrWvPePSv87aU9hV1Zd8Q,p_2Q6ebOtBOHCpBrvb78lg
blrWvPePSv87aU9hV1Zd8Q,p_2Q6ebOtBOHCpBrvb78lg
blrWvPePSv87aU9hV1Zd8Q,p_2Q6ebOtBOHCpBrvb78lg
blrWvPePSv87aU9hV1Zd8Q,p_2Q6ebOtBOHCpBrvb78lg
blrWvPePSv87aU9hV1Zd8Q,p_2Q6ebOtBOHCpBrvb78lg
blrWvPePSv87aU9hV1Zd8Q,p_2Q6ebOtBOHCpBrvb78lg
blrWvPePSv87aU9hV1Zd8Q,p_2Q6ebOtBOHCpBrvb78lg
blrWvPePSv87aU9hV1Zd8Q,u7CxxEzx8hvjoJ8onN4zTg
blrWvPePSv87aU9hV1Zd8Q,o__g2Q64FnNc_Q4O70EhbQ
blrWvPePSv87aU9hV1Zd8Q,o__g2Q64FnNc_Q4O70EhbQ
blrWvPePSv87aU9hV1Zd8Q,o__g2Q64FnNc_Q4O70EhbQ
blrWvPePSv87aU9hV1Zd8Q,O4eH0Hlu7lr_uuE2-Ymydw
blrWvPePSv87aU9hV1Zd8Q,qpmd3uD2ffE29J6wK-RkrQ
blrWvPePSv87aU9hV1Zd8Q,qpmd3uD2ffE29J6wK-RkrQ
blrWvPePSv87aU9hV1Zd8Q,qpmd3uD2ffE29J6wK-RkrQ
blrWvPePSv87aU9hV1Zd8Q,qpmd3uD2ffE29J6wK-RkrQ
blrWvPePSv87aU9hV1Zd8Q,qpmd3uD2ffE29J6wK-RkrQ
blrWvPePSv87aU9hV1Zd8Q,qpmd3uD2ffE29J6wK-RkrQ
blrWvPePSv87aU9hV1Zd8Q,QIy5y_CnXcCGuvwxo79VWw
blrWvPePSv87aU9hV1Zd8Q,PFt0wew2GqfPpesuUC9-cg
blrWvPePSv87aU9hV1Zd8Q,PFt0wew2GqfPpesuUC9-cg
blrWvPePSv87aU9hV1Zd8Q,-HeqTxBMPTi3A7QuU5PvgQ
blrWvPePSv87aU9hV1Zd8Q,Jz4LZvTibMEzXx8nZX5Q7g
blrWvPePSv87aU9hV1Zd8Q,VNOosvcE6HN_dqSTqRicXQ
blrWvPePSv87aU9hV1Zd8Q,VNOosvcE6HN_dqSTqRicXQ
blrWvPePSv87aU9hV1Zd8Q,Bf-yMQiSmDZyqfGyFKQ0bA
blrWvPePSv87aU9hV1Zd8Q,Bf-yMQiSmDZyqfGyFKQ0bA
blrWvPePSv87aU9hV1Zd8Q,Bf-yMQiSmDZyqfGyFKQ0bA
blrWvPePSv87aU9hV1Zd8Q,Bf-yMQiSmDZyqfGyFKQ0bA
blrWvPePSv87aU9hV1Zd8Q,Bf-yMQiSmDZyqfGyFKQ0bA
blrWvPePSv87aU9hV1Zd8Q,Bf-yMQiSmDZyqfGyFKQ0bA
blrWvPePSv87aU9hV1Zd8Q,Bf-yMQiSmDZyqfGyFKQ0bA
blrWvPePSv87aU9hV1Zd8Q,Bf-yMQiSmDZyqfGyFKQ0bA
blrWvPePSv87aU9hV1Zd8Q,Bf-yMQiSmDZyqfGyFKQ0bA
blrWvPePSv87aU9hV1Zd8Q,Bf-yMQiSmDZyqfGyFKQ0bA
blrWvPePSv87aU9hV1Zd8Q,Bf-yMQiSmDZyqfGyFKQ0bA
blrWvPePSv87aU9hV1Zd8Q,Bf-yMQiSmDZyqfGyFKQ0bA
blrWvPePSv87aU9hV1Zd8Q,Bf-yMQiSmDZyqfGyFKQ0bA
blrWvPePSv87aU9hV1Zd8Q,Bf-yMQiSmDZyqfGyFKQ0bA
blrWvPePSv87aU9hV1Zd8Q,IBGrQ6YUywBp1Hqu9c1LZQ
blrWvPePSv87aU9hV1Zd8Q,IBGrQ6YUywBp1Hqu9c1LZQ
blrWvPePSv87aU9hV1Zd8Q,IBGrQ6YUywBp1Hqu9c1LZQ
blrWvPePSv87aU9hV1Zd8Q,IBGrQ6YUywBp1Hqu9c1LZQ
blrWvPePSv87aU9hV1Zd8Q,AFbiVb2HJGd5h73uuGxTVg
blrWvPePSv87aU9hV1Zd8Q,K7j0BqmmN6ZEZ4BHIgUcng
blrWvPePSv87aU9hV1Zd8Q,4_43zqNDdn7icwxlgHgL8g
blrWvPePSv87aU9hV1Zd8Q,4_43zqNDdn7icwxlgHgL8g
blrWvPePSv87aU9hV1Zd8Q,4_43zqNDdn7icwxlgHgL8g
blrWvPePSv87aU9hV1Zd8Q,OSAM8aT1-BqW_ctoN7XBtQ
blrWvPePSv87aU9hV1Zd8Q,sJQszX3VVOpkQAwfIcjqzQ
blrWvPePSv87aU9hV1Zd8Q,sJQszX3VVOpkQAwfIcjqzQ
blrWvPePSv87aU9hV1Zd8Q,sJQszX3VVOpkQAwfIcjqzQ
blrWvPePSv87aU9hV1Zd8Q,sJQszX3VVOpkQAwfIcjqzQ
blrWvPePSv87aU9hV1Zd8Q,sJQszX3VVOpkQAwfIcjqzQ
blrWvPePSv87aU9hV1Zd8Q,sJQszX3VVOpkQAwfIcjqzQ
blrWvPePSv87aU9hV1Zd8Q,LwsGolUPGcTP_SlfQroUyA
blrWvPePSv87aU9hV1Zd8Q,LwsGolUPGcTP_SlfQroUyA
blrWvPePSv87aU9hV1Zd8Q,WnuRPyTEvILZKCAPk2UwYQ
blrWvPePSv87aU9hV1Zd8Q,Y4uZEemEKH5zqIsPQfm1Mg
blrWvPePSv87aU9hV1Zd8Q,Y4uZEemEKH5zqIsPQfm1Mg
blrWvPePSv87aU9hV1Zd8Q,-Sovk0Q8s-d7yDlk5Dh30w
blrWvPePSv87aU9hV1Zd8Q,-Sovk0Q8s-d7yDlk5Dh30w
blrWvPePSv87aU9hV1Zd8Q,-Sovk0Q8s-d7yDlk5Dh30w
blrWvPePSv87aU9hV1Zd8Q,-Sovk0Q8s-d7yDlk5Dh30w
blrWvPePSv87aU9hV1Zd8Q,leG7stzwTdc37b8Ma1TEeA
blrWvPePSv87aU9hV1Zd8Q,Bma7RgPLdDAFvycubjdVOA
blrWvPePSv87aU9hV1Zd8Q,Bma7RgPLdDAFvycubjdVOA
blrWvPePSv87aU9hV1Zd8Q,Bma7RgPLdDAFvycubjdVOA
blrWvPePSv87aU9hV1Zd8Q,h_k2iPNWpsy2kOt8_jN5QA
blrWvPePSv87aU9hV1Zd8Q,h_k2iPNWpsy2kOt8_jN5QA
blrWvPePSv87aU9hV1Zd8Q,F-lUIN9jFeiX2kXpiA2gTA
blrWvPePSv87aU9hV1Zd8Q,d0GmiP5cai20VZr0a_bNnQ
blrWvPePSv87aU9hV1Zd8Q,WPRLdtddBtD-jfVYQFvOhQ
blrWvPePSv87aU9hV1Zd8Q,txJkOk-oY900paWJQVGdVw
blrWvPePSv87aU9hV1Zd8Q,BBkQ99cFPNJ5op-7IVqWNA
blrWvPePSv87aU9hV1Zd8Q,BBkQ99cFPNJ5op-7IVqWNA
blrWvPePSv87aU9hV1Zd8Q,FCUVjQf762no86Uzcbv1Tg
blrWvPePSv87aU9hV1Zd8Q,mseBBgYcqyv6T1sfrXI-XQ
blrWvPePSv87aU9hV1Zd8Q,ZHrdgKBR8v3uUrKNlW30ZA
blrWvPePSv87aU9hV1Zd8Q,nc5uuDeM3EA9WJycGDeg1w
blrWvPePSv87aU9hV1Zd8Q,u8ndOBCi3qVK0QISbIzmuw
blrWvPePSv87aU9hV1Zd8Q,XItYW5ul3OW_AqpT2nDbBQ
blrWvPePSv87aU9hV1Zd8Q,_R1jBQQieKpNGMBqmrLRyA
blrWvPePSv87aU9hV1Zd8Q,uiOHK8a0gcEZFtffRVAmwA
blrWvPePSv87aU9hV1Zd8Q,QZx8vWP9FiojherUMB9VuA
blrWvPePSv87aU9hV1Zd8Q,QZx8vWP9FiojherUMB9VuA
blrWvPePSv87aU9hV1Zd8Q,CzqGem5OaPAk10bQK4bzbg
blrWvPePSv87aU9hV1Zd8Q,CzqGem5OaPAk10bQK4bzbg
blrWvPePSv87aU9hV1Zd8Q,YJAxx20BrnE7ik3Qpeu_0A
blrWvPePSv87aU9hV1Zd8Q,JMIZBglkEaYb7zOYB2xpSQ
blrWvPePSv87aU9hV1Zd8Q,j3jkcLImva-T4ScqF1jvvg
blrWvPePSv87aU9hV1Zd8Q,j3jkcLImva-T4ScqF1jvvg
blrWvPePSv87aU9hV1Zd8Q,CPgyfcsyPegLha1ajaSRoA
PuCMCx8LvgUWgZhnt2PHJg,8F0SiTi_vkvjdTR23FksPA
PuCMCx8LvgUWgZhnt2PHJg,rQ6C54q1N2iq9iDKSA3QGA
PuCMCx8LvgUWgZhnt2PHJg,rQ6C54q1N2iq9iDKSA3QGA
PuCMCx8LvgUWgZhnt2PHJg,IkkongyT51hv-f3wzIgf0g
PuCMCx8LvgUWgZhnt2PHJg,IkkongyT51hv-f3wzIgf0g
PuCMCx8LvgUWgZhnt2PHJg,IkkongyT51hv-f3wzIgf0g
PuCMCx8LvgUWgZhnt2PHJg,IkkongyT51hv-f3wzIgf0g
PuCMCx8LvgUWgZhnt2PHJg,IkkongyT51hv-f3wzIgf0g
PuCMCx8LvgUWgZhnt2PHJg,bfHsrYPH49fI7M1SHOYn8Q
PuCMCx8LvgUWgZhnt2PHJg,PgdQrTSOX132EgNj8VPNlg
PuCMCx8LvgUWgZhnt2PHJg,DIdvV0HZUMZWiYg4OXyGJg
PuCMCx8LvgUWgZhnt2PHJg,GbcFCQp9VmgMaW_jaMAq_Q
PuCMCx8LvgUWgZhnt2PHJg,Iam7tYWhssw_rscSBkeRIQ
PuCMCx8LvgUWgZhnt2PHJg,E6U8zl527AsspbTf5nZCdw
PuCMCx8LvgUWgZhnt2PHJg,l7e71T_WozJ6r8VrY7M94w
PuCMCx8LvgUWgZhnt2PHJg,dTu69dJYUrxkJ4tg_48E-A
PuCMCx8LvgUWgZhnt2PHJg,yQab5dxZzgBLTEHCw9V7_w
PuCMCx8LvgUWgZhnt2PHJg,3ztDmwCDrb0ktnvMioORpQ
PuCMCx8LvgUWgZhnt2PHJg,binxaEJbbYLTrscA7nlB1w
PuCMCx8LvgUWgZhnt2PHJg,binxaEJbbYLTrscA7nlB1w
PuCMCx8LvgUWgZhnt2PHJg,aEr3OGpQU5gccYSIi3jjVA
PuCMCx8LvgUWgZhnt2PHJg,WXd7r6Yvjxhyo1L6R3lQMA
PuCMCx8LvgUWgZhnt2PHJg,xjRr3wvKig1rWIalTyZYPw
PuCMCx8LvgUWgZhnt2PHJg,b_XIKJ2nNzksuWhfMTEehQ
PuCMCx8LvgUWgZhnt2PHJg,uXft-y53ujmlAt0SH-5KYg
PuCMCx8LvgUWgZhnt2PHJg,yAWSOUNFcfobOT_FRg_7Gg
PuCMCx8LvgUWgZhnt2PHJg,yAWSOUNFcfobOT_FRg_7Gg
PuCMCx8LvgUWgZhnt2PHJg,yAWSOUNFcfobOT_FRg_7Gg
PuCMCx8LvgUWgZhnt2PHJg,8KJSfDRhAZjAs_rMDqem7w
PuCMCx8LvgUWgZhnt2PHJg,wM_U3cujufc00bEDHC1RlA
PuCMCx8LvgUWgZhnt2PHJg,wM_U3cujufc00bEDHC1RlA
PuCMCx8LvgUWgZhnt2PHJg,28exW1xiocTHiJIkVY2A9g
PuCMCx8LvgUWgZhnt2PHJg,hsRjct8UiUHU54B983GmcA
PuCMCx8LvgUWgZhnt2PHJg,4RNBXjX2kTwpawbmDQqzow
PuCMCx8LvgUWgZhnt2PHJg,X-b4-QvZLENnf3yFwhpSXQ
PuCMCx8LvgUWgZhnt2PHJg,vXEZ-r6fah-5Fjt3a6c-Gw
PuCMCx8LvgUWgZhnt2PHJg,T1EKhweXQnRP3niBrBL7Ug
PuCMCx8LvgUWgZhnt2PHJg,sc__kdcFV4IcNTfBx1707w
PuCMCx8LvgUWgZhnt2PHJg,7ADjU1ZmRfUeMebjbYU3kw
PuCMCx8LvgUWgZhnt2PHJg,u7CxxEzx8hvjoJ8onN4zTg
PuCMCx8LvgUWgZhnt2PHJg,AIbCGVTv_oPE3S957E47Lg
PuCMCx8LvgUWgZhnt2PHJg,QIy5y_CnXcCGuvwxo79VWw
PuCMCx8LvgUWgZhnt2PHJg,XLfbVseu-LHlnQsHIMVZjw
PuCMCx8LvgUWgZhnt2PHJg,Xcj-n1DwX3KcOjvIwLo0jw
PuCMCx8LvgUWgZhnt2PHJg,7ummB6k1hmUgljgrzevM2w
PuCMCx8LvgUWgZhnt2PHJg,JTKzGJvIK9yuoUf-erV2qQ
PuCMCx8LvgUWgZhnt2PHJg,JTKzGJvIK9yuoUf-erV2qQ
PuCMCx8LvgUWgZhnt2PHJg,pJxbs4qsbd9lVYiLLc6Eig
PuCMCx8LvgUWgZhnt2PHJg,IBGrQ6YUywBp1Hqu9c1LZQ
PuCMCx8LvgUWgZhnt2PHJg,IBGrQ6YUywBp1Hqu9c1LZQ
PuCMCx8LvgUWgZhnt2PHJg,jUatA3vF7cOA45mVxDIuWA
PuCMCx8LvgUWgZhnt2PHJg,1ZnY1iVPw8pPfbOh-m12-A
PuCMCx8LvgUWgZhnt2PHJg,inLDlmy0p2ZthCYQzGZVnw
PuCMCx8LvgUWgZhnt2PHJg,YAh81IcABZNGtfAGAEfTnw
PuCMCx8LvgUWgZhnt2PHJg,YAh81IcABZNGtfAGAEfTnw
PuCMCx8LvgUWgZhnt2PHJg,u8V4A2E_hXbZb6wPtm0AoQ
PuCMCx8LvgUWgZhnt2PHJg,JgiYR564C7Cgs9HSagAKog
PuCMCx8LvgUWgZhnt2PHJg,JgiYR564C7Cgs9HSagAKog
PuCMCx8LvgUWgZhnt2PHJg,X-aHaamRgXINZI1qEUg8xQ
PuCMCx8LvgUWgZhnt2PHJg,24hc1g8a7besgI0tMb3v7w
PuCMCx8LvgUWgZhnt2PHJg,24hc1g8a7besgI0tMb3v7w
PuCMCx8LvgUWgZhnt2PHJg,1nlWzyHiSXXFVC0ISKjryw
PuCMCx8LvgUWgZhnt2PHJg,FgNgBLayRFm6H6Qr66ecbQ
PuCMCx8LvgUWgZhnt2PHJg,50KEvLtQl9Vv4YE1vs681Q
PuCMCx8LvgUWgZhnt2PHJg,QhwaGi1niDeVEHMRtQtvgQ
PuCMCx8LvgUWgZhnt2PHJg,vgFZrMMs2X22aCmxt8LWSA
PuCMCx8LvgUWgZhnt2PHJg,cKbPGglAjIGG6MeVy7n8XQ
PuCMCx8LvgUWgZhnt2PHJg,cKbPGglAjIGG6MeVy7n8XQ
PuCMCx8LvgUWgZhnt2PHJg,tB6Nq_yK1gR9EWzmQyluOQ
PuCMCx8LvgUWgZhnt2PHJg,tB6Nq_yK1gR9EWzmQyluOQ
PuCMCx8LvgUWgZhnt2PHJg,zIRTHE40mMmN7luH0Mm7lw
PuCMCx8LvgUWgZhnt2PHJg,4sRJvmKh43AqMRrjdwEdwA
PuCMCx8LvgUWgZhnt2PHJg,4sRJvmKh43AqMRrjdwEdwA
PuCMCx8LvgUWgZhnt2PHJg,9p4oekUddRG-ZDxUzYCEGw
PuCMCx8LvgUWgZhnt2PHJg,9p4oekUddRG-ZDxUzYCEGw
PuCMCx8LvgUWgZhnt2PHJg,9p4oekUddRG-ZDxUzYCEGw
PuCMCx8LvgUWgZhnt2PHJg,9p4oekUddRG-ZDxUzYCEGw
PuCMCx8LvgUWgZhnt2PHJg,rv8g9vf8z-J1aXhRlzjTnw
PuCMCx8LvgUWgZhnt2PHJg,kE2PsM7ZFJaEyjDJlcx5Vw
PuCMCx8LvgUWgZhnt2PHJg,ogGlctEavEWSVxFQ0ju3Gg
PuCMCx8LvgUWgZhnt2PHJg,i39--wZD6L9hm9Lg90Uziw
PuCMCx8LvgUWgZhnt2PHJg,fo9maH0LHJ5lNtpcfDcpXQ
PuCMCx8LvgUWgZhnt2PHJg,fo9maH0LHJ5lNtpcfDcpXQ
PuCMCx8LvgUWgZhnt2PHJg,KowfRkKCR1qYzIM3-M6FBA
PuCMCx8LvgUWgZhnt2PHJg,KowfRkKCR1qYzIM3-M6FBA
PuCMCx8LvgUWgZhnt2PHJg,K-SsrPH0nFExdpLrTo1X1w
PuCMCx8LvgUWgZhnt2PHJg,K-SsrPH0nFExdpLrTo1X1w
PuCMCx8LvgUWgZhnt2PHJg,K-SsrPH0nFExdpLrTo1X1w
PuCMCx8LvgUWgZhnt2PHJg,OQvChaBImI8X5B3aai8btg
PuCMCx8LvgUWgZhnt2PHJg,TYZIMuHwhZo_Hizenmf8Pg
PuCMCx8LvgUWgZhnt2PHJg,r78AHYzmDKDffJAwrB5aIg
PuCMCx8LvgUWgZhnt2PHJg,w1c_Uy60LSDiMsSjAsEqkw
PuCMCx8LvgUWgZhnt2PHJg,_BVsHMWSF83bxakE9eTmhw
PuCMCx8LvgUWgZhnt2PHJg,lNuedAMNPFROMiI0YRTCAw
PuCMCx8LvgUWgZhnt2PHJg,np9mgfShV3mgLmg2KqTF3Q
PuCMCx8LvgUWgZhnt2PHJg,np9mgfShV3mgLmg2KqTF3Q
PuCMCx8LvgUWgZhnt2PHJg,np9mgfShV3mgLmg2KqTF3Q
PuCMCx8LvgUWgZhnt2PHJg,np9mgfShV3mgLmg2KqTF3Q
PuCMCx8LvgUWgZhnt2PHJg,D60IfSLfKA32Et3cvR-t3A
PuCMCx8LvgUWgZhnt2PHJg,FyUkpk1Qf9ueFy6QtAicKw
JE2qFjL4BaUbiI-cT5MSBw,8F0SiTi_vkvjdTR23FksPA
JE2qFjL4BaUbiI-cT5MSBw,RbRTIRYbdZ2hfqMvkj34tg
JE2qFjL4BaUbiI-cT5MSBw,9t2ievb3jh6QHCahRQtUXQ
JE2qFjL4BaUbiI-cT5MSBw,EwOVLUgmZaHUzK_bnHHXZA
JE2qFjL4BaUbiI-cT5MSBw,EwOVLUgmZaHUzK_bnHHXZA
JE2qFjL4BaUbiI-cT5MSBw,JO9OPy1Tipb9JX9FEZnMaA
JE2qFjL4BaUbiI-cT5MSBw,DpBYX9W8hQzYqVLXntFetw
JE2qFjL4BaUbiI-cT5MSBw,efK5mjVPxdmqFZT06S4dzA
JE2qFjL4BaUbiI-cT5MSBw,ijRCz1YX5Ws2UW_2G0Bz7w
JE2qFjL4BaUbiI-cT5MSBw,DIdvV0HZUMZWiYg4OXyGJg
JE2qFjL4BaUbiI-cT5MSBw,PnfQvtyc5QNcKj7UCY-Riw
JE2qFjL4BaUbiI-cT5MSBw,Uqehw5Ra9m_J8TD0XuV4GQ
JE2qFjL4BaUbiI-cT5MSBw,GbcFCQp9VmgMaW_jaMAq_Q
JE2qFjL4BaUbiI-cT5MSBw,GbcFCQp9VmgMaW_jaMAq_Q
JE2qFjL4BaUbiI-cT5MSBw,CDqPVVvQtVncNQGydnZy7A
JE2qFjL4BaUbiI-cT5MSBw,LBcCkRqkqJGthuqLE0t7zw
JE2qFjL4BaUbiI-cT5MSBw,M5l7bLC2m-kQEeTQNfoyqA
JE2qFjL4BaUbiI-cT5MSBw,hDD6-yk1yuuRIvfdtHsISg
JE2qFjL4BaUbiI-cT5MSBw,4o2DEgSgY2sDZ16g6U03-w
JE2qFjL4BaUbiI-cT5MSBw,4o2DEgSgY2sDZ16g6U03-w
JE2qFjL4BaUbiI-cT5MSBw,xDl-6o2NtEW3mh5geK8VUA
JE2qFjL4BaUbiI-cT5MSBw,gHngt6zpP683GKe1i23LUg
JE2qFjL4BaUbiI-cT5MSBw,yAWSOUNFcfobOT_FRg_7Gg
JE2qFjL4BaUbiI-cT5MSBw,8KJSfDRhAZjAs_rMDqem7w
JE2qFjL4BaUbiI-cT5MSBw,DpPekIsTAxQzaBd2J9uIig
JE2qFjL4BaUbiI-cT5MSBw,vVpYQH1DzehEa_58kaJFEQ
JE2qFjL4BaUbiI-cT5MSBw,vXEZ-r6fah-5Fjt3a6c-Gw
JE2qFjL4BaUbiI-cT5MSBw,brpJ1jYGH_Pgrx7dKIqesA
JE2qFjL4BaUbiI-cT5MSBw,iHBYhO_QtVjDfs7-S77-wQ
JE2qFjL4BaUbiI-cT5MSBw,RUxAdd3mmNkejoTAX2YIDw
JE2qFjL4BaUbiI-cT5MSBw,RUxAdd3mmNkejoTAX2YIDw
JE2qFjL4BaUbiI-cT5MSBw,RUxAdd3mmNkejoTAX2YIDw
JE2qFjL4BaUbiI-cT5MSBw,RUxAdd3mmNkejoTAX2YIDw
JE2qFjL4BaUbiI-cT5MSBw,RUxAdd3mmNkejoTAX2YIDw
JE2qFjL4BaUbiI-cT5MSBw,1_Dg-GguWatioW4mvFQKQA
JE2qFjL4BaUbiI-cT5MSBw,KPvEo0QeT6b3x_UC6WbsvQ
JE2qFjL4BaUbiI-cT5MSBw,KPvEo0QeT6b3x_UC6WbsvQ
JE2qFjL4BaUbiI-cT5MSBw,KPvEo0QeT6b3x_UC6WbsvQ
JE2qFjL4BaUbiI-cT5MSBw,KPvEo0QeT6b3x_UC6WbsvQ
JE2qFjL4BaUbiI-cT5MSBw,eIedjt0mHVKDFmfhtfKSAQ
JE2qFjL4BaUbiI-cT5MSBw,dwAtKEutQKgCvb7wSSU8Kw
JE2qFjL4BaUbiI-cT5MSBw,LM3DK2j8W8mmD5_zEEku3Q
JE2qFjL4BaUbiI-cT5MSBw,Dyn5YDHXOmQSItz4JstHrA
JE2qFjL4BaUbiI-cT5MSBw,Dyn5YDHXOmQSItz4JstHrA
JE2qFjL4BaUbiI-cT5MSBw,Dyn5YDHXOmQSItz4JstHrA
JE2qFjL4BaUbiI-cT5MSBw,Dyn5YDHXOmQSItz4JstHrA
JE2qFjL4BaUbiI-cT5MSBw,B4lI3DPbEVeTRKVjLLklXQ
JE2qFjL4BaUbiI-cT5MSBw,WfQojfN1xWzm58gIY_Fa_w
JE2qFjL4BaUbiI-cT5MSBw,Q8tTVs1pTC27iYmOBkdPXw
JE2qFjL4BaUbiI-cT5MSBw,8kL_Z36p2HtSe6-lh0naEQ
JE2qFjL4BaUbiI-cT5MSBw,8kL_Z36p2HtSe6-lh0naEQ
JE2qFjL4BaUbiI-cT5MSBw,PBYfM9Y8lROS4r-V3WjKhw
JE2qFjL4BaUbiI-cT5MSBw,PBYfM9Y8lROS4r-V3WjKhw
JE2qFjL4BaUbiI-cT5MSBw,sbFf2Z6YJOiGvRasNzTGuw
JE2qFjL4BaUbiI-cT5MSBw,sbFf2Z6YJOiGvRasNzTGuw
JE2qFjL4BaUbiI-cT5MSBw,cqnwiAFrdGiGOrUNmfmJrg
JE2qFjL4BaUbiI-cT5MSBw,cqnwiAFrdGiGOrUNmfmJrg
JE2qFjL4BaUbiI-cT5MSBw,CFtZH4Skp9z3o4ToSywI4w
JE2qFjL4BaUbiI-cT5MSBw,CFtZH4Skp9z3o4ToSywI4w
JE2qFjL4BaUbiI-cT5MSBw,CFtZH4Skp9z3o4ToSywI4w
JE2qFjL4BaUbiI-cT5MSBw,50KEvLtQl9Vv4YE1vs681Q
JE2qFjL4BaUbiI-cT5MSBw,j3IEZP4nQAt7fkxmerLMbA
JE2qFjL4BaUbiI-cT5MSBw,JLbgvGM4FXh9zNP4O5ZWjQ
JE2qFjL4BaUbiI-cT5MSBw,7xHbnGo4MXFkBm6gYSu_xg
JE2qFjL4BaUbiI-cT5MSBw,JetIYkfGQ4a3WQmiH_a92w
JE2qFjL4BaUbiI-cT5MSBw,ozpU3iVUBbEFePwxSKfYAw
JE2qFjL4BaUbiI-cT5MSBw,ozpU3iVUBbEFePwxSKfYAw
JE2qFjL4BaUbiI-cT5MSBw,9-S67d5VyVbYN1bWcZFb6g
JE2qFjL4BaUbiI-cT5MSBw,N9Qgu_caDEZyXk74hI2_4w
JE2qFjL4BaUbiI-cT5MSBw,3j_8fQ3G3V3LEJuq8O-RTQ
JE2qFjL4BaUbiI-cT5MSBw,KVpSAAYSAmazhMi7LraO6Q
JE2qFjL4BaUbiI-cT5MSBw,OOi9jdnEjZj0zJz8xT2LFw
JE2qFjL4BaUbiI-cT5MSBw,MFaerBsWIA2du9kHGeKDeA
JE2qFjL4BaUbiI-cT5MSBw,MFaerBsWIA2du9kHGeKDeA
JE2qFjL4BaUbiI-cT5MSBw,MFaerBsWIA2du9kHGeKDeA
JE2qFjL4BaUbiI-cT5MSBw,MFaerBsWIA2du9kHGeKDeA
JE2qFjL4BaUbiI-cT5MSBw,MFaerBsWIA2du9kHGeKDeA
JE2qFjL4BaUbiI-cT5MSBw,cvqI0cHjxHqHD7r1mAsV7Q
JE2qFjL4BaUbiI-cT5MSBw,K-SsrPH0nFExdpLrTo1X1w
JE2qFjL4BaUbiI-cT5MSBw,NtpdFakRhkqtQ85PIraSJA
JE2qFjL4BaUbiI-cT5MSBw,NtpdFakRhkqtQ85PIraSJA
JE2qFjL4BaUbiI-cT5MSBw,Ypsh993XXes9DZ8Cpyq5Fw
JE2qFjL4BaUbiI-cT5MSBw,4CE_jyoNwSYkorer13G5OQ
JE2qFjL4BaUbiI-cT5MSBw,4CE_jyoNwSYkorer13G5OQ
JE2qFjL4BaUbiI-cT5MSBw,pGwfOqNEL8FbMUFspJdAMA
JE2qFjL4BaUbiI-cT5MSBw,pGwfOqNEL8FbMUFspJdAMA
JE2qFjL4BaUbiI-cT5MSBw,JPQYVN6IP82v8sDhBrMpkg
fmzIm7RxEdii5Jz44PtO7g,4397Q8jBvtU1ZbYlsxV9Wg
fmzIm7RxEdii5Jz44PtO7g,Hf4pcInQdInE_Q0endImnw
fmzIm7RxEdii5Jz44PtO7g,Hf4pcInQdInE_Q0endImnw
fmzIm7RxEdii5Jz44PtO7g,Hf4pcInQdInE_Q0endImnw
fmzIm7RxEdii5Jz44PtO7g,jIQWEioUihbEiAiNu-Rwwg
fmzIm7RxEdii5Jz44PtO7g,jIQWEioUihbEiAiNu-Rwwg
fmzIm7RxEdii5Jz44PtO7g,ieE2q3Onr9blYYscePOBZg
fmzIm7RxEdii5Jz44PtO7g,4l56EXyCWwPlPXcX9qq-jw
fmzIm7RxEdii5Jz44PtO7g,4l56EXyCWwPlPXcX9qq-jw
fmzIm7RxEdii5Jz44PtO7g,4l56EXyCWwPlPXcX9qq-jw
fmzIm7RxEdii5Jz44PtO7g,PXXNVRmMkb7soidJYbnLUg
fmzIm7RxEdii5Jz44PtO7g,PXXNVRmMkb7soidJYbnLUg
fmzIm7RxEdii5Jz44PtO7g,PXXNVRmMkb7soidJYbnLUg
fmzIm7RxEdii5Jz44PtO7g,PXXNVRmMkb7soidJYbnLUg
fmzIm7RxEdii5Jz44PtO7g,PXXNVRmMkb7soidJYbnLUg
fmzIm7RxEdii5Jz44PtO7g,PXXNVRmMkb7soidJYbnLUg
fmzIm7RxEdii5Jz44PtO7g,PXXNVRmMkb7soidJYbnLUg
fmzIm7RxEdii5Jz44PtO7g,PXXNVRmMkb7soidJYbnLUg
fmzIm7RxEdii5Jz44PtO7g,PXXNVRmMkb7soidJYbnLUg
fmzIm7RxEdii5Jz44PtO7g,PXXNVRmMkb7soidJYbnLUg
fmzIm7RxEdii5Jz44PtO7g,PXXNVRmMkb7soidJYbnLUg
fmzIm7RxEdii5Jz44PtO7g,PXXNVRmMkb7soidJYbnLUg
fmzIm7RxEdii5Jz44PtO7g,PXXNVRmMkb7soidJYbnLUg
fmzIm7RxEdii5Jz44PtO7g,PXXNVRmMkb7soidJYbnLUg
fmzIm7RxEdii5Jz44PtO7g,PXXNVRmMkb7soidJYbnLUg
fmzIm7RxEdii5Jz44PtO7g,PXXNVRmMkb7soidJYbnLUg
fmzIm7RxEdii5Jz44PtO7g,bfZTpgmIXvoHGzL3alkCGA
fmzIm7RxEdii5Jz44PtO7g,IkkongyT51hv-f3wzIgf0g
fmzIm7RxEdii5Jz44PtO7g,IkkongyT51hv-f3wzIgf0g
fmzIm7RxEdii5Jz44PtO7g,Ladt7CobMcCFZ8-iC5v0cw
fmzIm7RxEdii5Jz44PtO7g,z4KriCQPuPJnFr0NGgApbw
fmzIm7RxEdii5Jz44PtO7g,z4KriCQPuPJnFr0NGgApbw
fmzIm7RxEdii5Jz44PtO7g,9EBvrScp_aZncPyXvzT-0g
fmzIm7RxEdii5Jz44PtO7g,1pjpBt1uIb3vB1NAMo7DQw
fmzIm7RxEdii5Jz44PtO7g,ovuL7n30fogNHrIc51uSgQ
fmzIm7RxEdii5Jz44PtO7g,sJMJMEjvR1zY9HfTxmkVKg
fmzIm7RxEdii5Jz44PtO7g,sJMJMEjvR1zY9HfTxmkVKg
fmzIm7RxEdii5Jz44PtO7g,sJMJMEjvR1zY9HfTxmkVKg
fmzIm7RxEdii5Jz44PtO7g,sJMJMEjvR1zY9HfTxmkVKg
fmzIm7RxEdii5Jz44PtO7g,sJMJMEjvR1zY9HfTxmkVKg
fmzIm7RxEdii5Jz44PtO7g,-M1rgYnaoGC82VEta1gdsg
fmzIm7RxEdii5Jz44PtO7g,Cucj08aCIWy9R2tjNcOx8w
fmzIm7RxEdii5Jz44PtO7g,bXCIqbwQykc7P6t-DsDF6g
fmzIm7RxEdii5Jz44PtO7g,PnfQvtyc5QNcKj7UCY-Riw
fmzIm7RxEdii5Jz44PtO7g,PnfQvtyc5QNcKj7UCY-Riw
fmzIm7RxEdii5Jz44PtO7g,i7TFQpKD-xBFkJTea9LASQ
fmzIm7RxEdii5Jz44PtO7g,i7TFQpKD-xBFkJTea9LASQ
fmzIm7RxEdii5Jz44PtO7g,IydiH1DIlyvwvpbkC9m42Q
fmzIm7RxEdii5Jz44PtO7g,08t3_HjbpLyPeuft6eoa5A
fmzIm7RxEdii5Jz44PtO7g,Apn6Qly16cIUxgB1dYUvjg
fmzIm7RxEdii5Jz44PtO7g,Apn6Qly16cIUxgB1dYUvjg
fmzIm7RxEdii5Jz44PtO7g,Apn6Qly16cIUxgB1dYUvjg
fmzIm7RxEdii5Jz44PtO7g,Krm9dSjhfmNH5LlhOKGPYg
fmzIm7RxEdii5Jz44PtO7g,KcgQpAEgcf3OyWP1hYozHw
fmzIm7RxEdii5Jz44PtO7g,B5hl4fV8ZmwN2bLDgdr0Fw
fmzIm7RxEdii5Jz44PtO7g,1GaooxqCWHzulI2Ub3CXEw
fmzIm7RxEdii5Jz44PtO7g,1GaooxqCWHzulI2Ub3CXEw
fmzIm7RxEdii5Jz44PtO7g,Ky0X7OLqSeBpvNNf0NjVcg
fmzIm7RxEdii5Jz44PtO7g,Ky0X7OLqSeBpvNNf0NjVcg
fmzIm7RxEdii5Jz44PtO7g,Ky0X7OLqSeBpvNNf0NjVcg
fmzIm7RxEdii5Jz44PtO7g,Ky0X7OLqSeBpvNNf0NjVcg
fmzIm7RxEdii5Jz44PtO7g,Ky0X7OLqSeBpvNNf0NjVcg
fmzIm7RxEdii5Jz44PtO7g,mPWRxHEYOa5crj5E1tyL0g
fmzIm7RxEdii5Jz44PtO7g,Aror3Q3exo1uWxsH4eWkzA
fmzIm7RxEdii5Jz44PtO7g,Aror3Q3exo1uWxsH4eWkzA
fmzIm7RxEdii5Jz44PtO7g,MWmzRP7YYt1vufeiCwZzQw
fmzIm7RxEdii5Jz44PtO7g,MWmzRP7YYt1vufeiCwZzQw
fmzIm7RxEdii5Jz44PtO7g,4iSVxQKK1G3V-LBffQxaKg
fmzIm7RxEdii5Jz44PtO7g,4iSVxQKK1G3V-LBffQxaKg
fmzIm7RxEdii5Jz44PtO7g,4iSVxQKK1G3V-LBffQxaKg
fmzIm7RxEdii5Jz44PtO7g,CTiWs36A_sX3eahdqrYxUQ
fmzIm7RxEdii5Jz44PtO7g,CTiWs36A_sX3eahdqrYxUQ
fmzIm7RxEdii5Jz44PtO7g,CTiWs36A_sX3eahdqrYxUQ
fmzIm7RxEdii5Jz44PtO7g,CTiWs36A_sX3eahdqrYxUQ
fmzIm7RxEdii5Jz44PtO7g,CTiWs36A_sX3eahdqrYxUQ
fmzIm7RxEdii5Jz44PtO7g,CTiWs36A_sX3eahdqrYxUQ
fmzIm7RxEdii5Jz44PtO7g,TVSk_tmVnnqS6ZCp7oJj1g
fmzIm7RxEdii5Jz44PtO7g,QqbZA4r5g1vCbOxOAKJgWg
fmzIm7RxEdii5Jz44PtO7g,LCrEGP25XEBDPmirFqd_xg
fmzIm7RxEdii5Jz44PtO7g,LCrEGP25XEBDPmirFqd_xg
fmzIm7RxEdii5Jz44PtO7g,LCrEGP25XEBDPmirFqd_xg
fmzIm7RxEdii5Jz44PtO7g,pHDLRIG2Xu1_1mkGAbyEmw
fmzIm7RxEdii5Jz44PtO7g,pHDLRIG2Xu1_1mkGAbyEmw
fmzIm7RxEdii5Jz44PtO7g,pHDLRIG2Xu1_1mkGAbyEmw
fmzIm7RxEdii5Jz44PtO7g,M-uo9HTEJEx7cS0eCsQyUg
fmzIm7RxEdii5Jz44PtO7g,VwGjGQe2kjK5yMvNOnomLA
fmzIm7RxEdii5Jz44PtO7g,4RhyluqR0eXERECBLallXQ
fmzIm7RxEdii5Jz44PtO7g,4RhyluqR0eXERECBLallXQ
fmzIm7RxEdii5Jz44PtO7g,rlFEKTaUgQqN4O9ow3LO9w
fmzIm7RxEdii5Jz44PtO7g,Zs-Gk02SPk_CU7NgMAVTJw
fmzIm7RxEdii5Jz44PtO7g,qKuRIro1X4LzqSfY1SASkw
fmzIm7RxEdii5Jz44PtO7g,qKuRIro1X4LzqSfY1SASkw
fmzIm7RxEdii5Jz44PtO7g,1vEBp-YeAvqg1w19GzYg9w
fmzIm7RxEdii5Jz44PtO7g,2Vf1iEMIzHH5NPqOlrDkpw
fmzIm7RxEdii5Jz44PtO7g,MyITm7hhBUqRmz2PqlfhOw
fmzIm7RxEdii5Jz44PtO7g,MyITm7hhBUqRmz2PqlfhOw
fmzIm7RxEdii5Jz44PtO7g,ZW5dgbV7qqo2-7FK9FaAaw
fmzIm7RxEdii5Jz44PtO7g,ZW5dgbV7qqo2-7FK9FaAaw
fmzIm7RxEdii5Jz44PtO7g,mweMYUxCsIZUtHVJa_4Z5w
fmzIm7RxEdii5Jz44PtO7g,-igpUhnA1b5iUK6rfAtuPw
fmzIm7RxEdii5Jz44PtO7g,-igpUhnA1b5iUK6rfAtuPw
fmzIm7RxEdii5Jz44PtO7g,bShze6_dNGwamcNPJgZILg
fmzIm7RxEdii5Jz44PtO7g,bShze6_dNGwamcNPJgZILg
fmzIm7RxEdii5Jz44PtO7g,VxRlBe2wjtycFWSZm1orTA
fmzIm7RxEdii5Jz44PtO7g,slMjKmGTnufGx6ZWR6Mg3A
fmzIm7RxEdii5Jz44PtO7g,WXd7r6Yvjxhyo1L6R3lQMA
fmzIm7RxEdii5Jz44PtO7g,yPcAdikNrXEsfbHNBQUjkQ
fmzIm7RxEdii5Jz44PtO7g,yPcAdikNrXEsfbHNBQUjkQ
fmzIm7RxEdii5Jz44PtO7g,og04KLFbOsvu7vTy-uchTA
fmzIm7RxEdii5Jz44PtO7g,w-YZ755_a3SswPSeUwCdSg
fmzIm7RxEdii5Jz44PtO7g,d7mNEMA_o7TFYAehHzueDw
fmzIm7RxEdii5Jz44PtO7g,E5feyjrD8L4kmpMQ2SJV8Q
fmzIm7RxEdii5Jz44PtO7g,o1ZAzn5IZOLUhpEg2_rK6Q
fmzIm7RxEdii5Jz44PtO7g,o1ZAzn5IZOLUhpEg2_rK6Q
fmzIm7RxEdii5Jz44PtO7g,o1ZAzn5IZOLUhpEg2_rK6Q
fmzIm7RxEdii5Jz44PtO7g,HxCwoHzTLzNWjazHs_9O0w
fmzIm7RxEdii5Jz44PtO7g,HxCwoHzTLzNWjazHs_9O0w
fmzIm7RxEdii5Jz44PtO7g,BfIcrMq0Me0D7BBSYij7Fg
fmzIm7RxEdii5Jz44PtO7g,SvCjBtbN1cKElDKPTw9dOA
fmzIm7RxEdii5Jz44PtO7g,WKPm5nCLjmF3ph1kyhyBTA
fmzIm7RxEdii5Jz44PtO7g,YfKZh6Op-PmuKyzZu_DMGQ
fmzIm7RxEdii5Jz44PtO7g,TUbnEXJg1pYtrtvgxymVjw
fmzIm7RxEdii5Jz44PtO7g,p_wPhw_MXIJhLEzkxtQt3Q
fmzIm7RxEdii5Jz44PtO7g,kT9SuRVTapbDgFGMcg1Rqg
fmzIm7RxEdii5Jz44PtO7g,kT9SuRVTapbDgFGMcg1Rqg
fmzIm7RxEdii5Jz44PtO7g,bj-eOvaPph6ai2pKCUduUQ
fmzIm7RxEdii5Jz44PtO7g,bj-eOvaPph6ai2pKCUduUQ
fmzIm7RxEdii5Jz44PtO7g,gHngt6zpP683GKe1i23LUg
fmzIm7RxEdii5Jz44PtO7g,xSEcd_8XwH0H_3QXl11V8A
fmzIm7RxEdii5Jz44PtO7g,U9vCFCDQMQ8GFr5z48h8tQ
fmzIm7RxEdii5Jz44PtO7g,U9vCFCDQMQ8GFr5z48h8tQ
fmzIm7RxEdii5Jz44PtO7g,a384anuGRsOe5IXclb3cNQ
fmzIm7RxEdii5Jz44PtO7g,9tp082Mk5-Ux3x3YYjlyKg
fmzIm7RxEdii5Jz44PtO7g,bqW0f0RigwpYyz1lbxhHlw
fmzIm7RxEdii5Jz44PtO7g,Q-HphDiGP561Iw2AzsPB5A
fmzIm7RxEdii5Jz44PtO7g,Q-HphDiGP561Iw2AzsPB5A
fmzIm7RxEdii5Jz44PtO7g,Q-HphDiGP561Iw2AzsPB5A
fmzIm7RxEdii5Jz44PtO7g,Q-HphDiGP561Iw2AzsPB5A
fmzIm7RxEdii5Jz44PtO7g,Q-HphDiGP561Iw2AzsPB5A
fmzIm7RxEdii5Jz44PtO7g,dJnmzE5n5xJgHiGiyMGosw
fmzIm7RxEdii5Jz44PtO7g,toEpYp-Hv8fMc3dW6RcJqA
fmzIm7RxEdii5Jz44PtO7g,28exW1xiocTHiJIkVY2A9g
fmzIm7RxEdii5Jz44PtO7g,_iUlt5rm-15QoLw0MEEg5A
fmzIm7RxEdii5Jz44PtO7g,wjLgM9Ybe5shoUPRrGMmsQ
fmzIm7RxEdii5Jz44PtO7g,wjLgM9Ybe5shoUPRrGMmsQ
fmzIm7RxEdii5Jz44PtO7g,wjLgM9Ybe5shoUPRrGMmsQ
fmzIm7RxEdii5Jz44PtO7g,wjLgM9Ybe5shoUPRrGMmsQ
fmzIm7RxEdii5Jz44PtO7g,P4lfCI0WSaVoA2VFdsZRiQ
fmzIm7RxEdii5Jz44PtO7g,P4lfCI0WSaVoA2VFdsZRiQ
fmzIm7RxEdii5Jz44PtO7g,P4lfCI0WSaVoA2VFdsZRiQ
fmzIm7RxEdii5Jz44PtO7g,4RNBXjX2kTwpawbmDQqzow
fmzIm7RxEdii5Jz44PtO7g,4RNBXjX2kTwpawbmDQqzow
fmzIm7RxEdii5Jz44PtO7g,xcmmTXhuMx2fZF2Bt69F4w
fmzIm7RxEdii5Jz44PtO7g,xcmmTXhuMx2fZF2Bt69F4w
fmzIm7RxEdii5Jz44PtO7g,vXEZ-r6fah-5Fjt3a6c-Gw
fmzIm7RxEdii5Jz44PtO7g,vXEZ-r6fah-5Fjt3a6c-Gw
fmzIm7RxEdii5Jz44PtO7g,T1EKhweXQnRP3niBrBL7Ug
fmzIm7RxEdii5Jz44PtO7g,2EhBiUnUTl_H2s4DXdKCTg
fmzIm7RxEdii5Jz44PtO7g,mZYKqiK-9fzifbFbeEbP1w
fmzIm7RxEdii5Jz44PtO7g,mZYKqiK-9fzifbFbeEbP1w
fmzIm7RxEdii5Jz44PtO7g,mZYKqiK-9fzifbFbeEbP1w
fmzIm7RxEdii5Jz44PtO7g,p_2Q6ebOtBOHCpBrvb78lg
fmzIm7RxEdii5Jz44PtO7g,p_2Q6ebOtBOHCpBrvb78lg
fmzIm7RxEdii5Jz44PtO7g,VhEWjWUrcHFFNAyZN-TzyQ
fmzIm7RxEdii5Jz44PtO7g,7PRse3yCQbEprAj1DWrEQQ
fmzIm7RxEdii5Jz44PtO7g,3GuqcEYaF1d1WXcwOX5xPw
fmzIm7RxEdii5Jz44PtO7g,7ADjU1ZmRfUeMebjbYU3kw
fmzIm7RxEdii5Jz44PtO7g,7ADjU1ZmRfUeMebjbYU3kw
fmzIm7RxEdii5Jz44PtO7g,qFJ_kdfLdNODKFUY4t0qVg
fmzIm7RxEdii5Jz44PtO7g,u7CxxEzx8hvjoJ8onN4zTg
fmzIm7RxEdii5Jz44PtO7g,o__g2Q64FnNc_Q4O70EhbQ
fmzIm7RxEdii5Jz44PtO7g,JlnDcCfvrmo_cv8OOzhuoQ
fmzIm7RxEdii5Jz44PtO7g,hlzDnbp7H7KPTefI1uwhjA
fmzIm7RxEdii5Jz44PtO7g,qsT1WxSp3XO76f9HZwVMnA
fmzIm7RxEdii5Jz44PtO7g,ZP1KGjhtQ-C1d_z3ItL8jQ
fmzIm7RxEdii5Jz44PtO7g,ZP1KGjhtQ-C1d_z3ItL8jQ
fmzIm7RxEdii5Jz44PtO7g,dd88S7tQtZeDce61KqcVyA
fmzIm7RxEdii5Jz44PtO7g,K8M3OeFCcAnxuxtTc0BQrQ
fmzIm7RxEdii5Jz44PtO7g,K8M3OeFCcAnxuxtTc0BQrQ
fmzIm7RxEdii5Jz44PtO7g,eIedjt0mHVKDFmfhtfKSAQ
fmzIm7RxEdii5Jz44PtO7g,-HeqTxBMPTi3A7QuU5PvgQ
fmzIm7RxEdii5Jz44PtO7g,wkP_fSZ5w6S9ZQaAFSQ9rg
fmzIm7RxEdii5Jz44PtO7g,2M8HhQRsKqETmxo8YhtVGQ
fmzIm7RxEdii5Jz44PtO7g,keJGpYownJ-j2zQJ5huvqg
fmzIm7RxEdii5Jz44PtO7g,8iVd6gMWKGGU9SL55B4vjg
fmzIm7RxEdii5Jz44PtO7g,8iVd6gMWKGGU9SL55B4vjg
fmzIm7RxEdii5Jz44PtO7g,Xcj-n1DwX3KcOjvIwLo0jw
fmzIm7RxEdii5Jz44PtO7g,LXrSnbUlEnw_fI7A2Dpp9Q
fmzIm7RxEdii5Jz44PtO7g,LXrSnbUlEnw_fI7A2Dpp9Q
fmzIm7RxEdii5Jz44PtO7g,Cf0iV72DTqR0ggBje2d0sg
fmzIm7RxEdii5Jz44PtO7g,c0yPNU-BqS65u0vIKP7P0w
fmzIm7RxEdii5Jz44PtO7g,jqBUVAWJRJ6QIGXVuhdVvw
fmzIm7RxEdii5Jz44PtO7g,Dyn5YDHXOmQSItz4JstHrA
fmzIm7RxEdii5Jz44PtO7g,ugmQx75KCr8nc8E-d69K8g
fmzIm7RxEdii5Jz44PtO7g,X0JIra66e1kLDraXKa2Ajg
fmzIm7RxEdii5Jz44PtO7g,X0JIra66e1kLDraXKa2Ajg
fmzIm7RxEdii5Jz44PtO7g,X0JIra66e1kLDraXKa2Ajg
fmzIm7RxEdii5Jz44PtO7g,X0JIra66e1kLDraXKa2Ajg
fmzIm7RxEdii5Jz44PtO7g,X0JIra66e1kLDraXKa2Ajg
fmzIm7RxEdii5Jz44PtO7g,X0JIra66e1kLDraXKa2Ajg
fmzIm7RxEdii5Jz44PtO7g,X0JIra66e1kLDraXKa2Ajg
fmzIm7RxEdii5Jz44PtO7g,X0JIra66e1kLDraXKa2Ajg
fmzIm7RxEdii5Jz44PtO7g,X0JIra66e1kLDraXKa2Ajg
fmzIm7RxEdii5Jz44PtO7g,7mU3l5VjH1IxsXcxBxUblg
fmzIm7RxEdii5Jz44PtO7g,7mU3l5VjH1IxsXcxBxUblg
fmzIm7RxEdii5Jz44PtO7g,M49CwslHLTt9verCZhWxrg
fmzIm7RxEdii5Jz44PtO7g,M49CwslHLTt9verCZhWxrg
fmzIm7RxEdii5Jz44PtO7g,M49CwslHLTt9verCZhWxrg
fmzIm7RxEdii5Jz44PtO7g,M49CwslHLTt9verCZhWxrg
fmzIm7RxEdii5Jz44PtO7g,M49CwslHLTt9verCZhWxrg
fmzIm7RxEdii5Jz44PtO7g,I4q_mNQTKVX_EKbVAh8pdQ
fmzIm7RxEdii5Jz44PtO7g,WfQojfN1xWzm58gIY_Fa_w
fmzIm7RxEdii5Jz44PtO7g,WfQojfN1xWzm58gIY_Fa_w
fmzIm7RxEdii5Jz44PtO7g,WfQojfN1xWzm58gIY_Fa_w
fmzIm7RxEdii5Jz44PtO7g,wueuwFcUyvNkrPk_E_21bA
fmzIm7RxEdii5Jz44PtO7g,FcOMDTDtKaucQ-KIjba45g
fmzIm7RxEdii5Jz44PtO7g,ZVWSOxlmz1yJfbZaJwYOug
fmzIm7RxEdii5Jz44PtO7g,ZVWSOxlmz1yJfbZaJwYOug
fmzIm7RxEdii5Jz44PtO7g,ZVWSOxlmz1yJfbZaJwYOug
fmzIm7RxEdii5Jz44PtO7g,9mYjIQ-9DKMuR8kM5M2gtw
fmzIm7RxEdii5Jz44PtO7g,qh0N-R-Yl-TmUWS6LFIohg
fmzIm7RxEdii5Jz44PtO7g,T8_NXVNymIRXsI7AcWgBcQ
fmzIm7RxEdii5Jz44PtO7g,2AJW_6QarzJE9BhaXFfyaw
fmzIm7RxEdii5Jz44PtO7g,2AJW_6QarzJE9BhaXFfyaw
fmzIm7RxEdii5Jz44PtO7g,Tzp6kdtA7coJgnY3-hFHtw
fmzIm7RxEdii5Jz44PtO7g,Tzp6kdtA7coJgnY3-hFHtw
fmzIm7RxEdii5Jz44PtO7g,rZiGxTgrDcoQrQjzzm4vFA
fmzIm7RxEdii5Jz44PtO7g,rZiGxTgrDcoQrQjzzm4vFA
fmzIm7RxEdii5Jz44PtO7g,rZiGxTgrDcoQrQjzzm4vFA
fmzIm7RxEdii5Jz44PtO7g,NKJaFwykv90TS54XxB937g
fmzIm7RxEdii5Jz44PtO7g,4E1vGnmXwFvGp2NB-NWcgg
fmzIm7RxEdii5Jz44PtO7g,d4ZB29APb1QbAnGLATFJ0g
fmzIm7RxEdii5Jz44PtO7g,d4ZB29APb1QbAnGLATFJ0g
fmzIm7RxEdii5Jz44PtO7g,d4ZB29APb1QbAnGLATFJ0g
fmzIm7RxEdii5Jz44PtO7g,d4ZB29APb1QbAnGLATFJ0g
fmzIm7RxEdii5Jz44PtO7g,d4ZB29APb1QbAnGLATFJ0g
fmzIm7RxEdii5Jz44PtO7g,Alt9qIJYYArCBkGXeb2ZLA
fmzIm7RxEdii5Jz44PtO7g,BIN_lwo-4Y441qdDljtdlw
fmzIm7RxEdii5Jz44PtO7g,SgQdzQZRRPZm-tL2Sa2oRQ
fmzIm7RxEdii5Jz44PtO7g,8edTRAKWTzd0B_sfb8ekeQ
fmzIm7RxEdii5Jz44PtO7g,8edTRAKWTzd0B_sfb8ekeQ
fmzIm7RxEdii5Jz44PtO7g,FW9X2oVTA5AmGBH1EBCu2w
fmzIm7RxEdii5Jz44PtO7g,cNNtjnsz708bICtPqXYjsQ
fmzIm7RxEdii5Jz44PtO7g,cNNtjnsz708bICtPqXYjsQ
fmzIm7RxEdii5Jz44PtO7g,cNNtjnsz708bICtPqXYjsQ
fmzIm7RxEdii5Jz44PtO7g,SsBi4mjcfsQJUMkyQlgg1Q
fmzIm7RxEdii5Jz44PtO7g,SsBi4mjcfsQJUMkyQlgg1Q
fmzIm7RxEdii5Jz44PtO7g,SsBi4mjcfsQJUMkyQlgg1Q
fmzIm7RxEdii5Jz44PtO7g,REfM-TpPnDSpgAMB_puQbw
fmzIm7RxEdii5Jz44PtO7g,NroyyTFsCWXnqUIn5UXFlQ
fmzIm7RxEdii5Jz44PtO7g,NroyyTFsCWXnqUIn5UXFlQ
fmzIm7RxEdii5Jz44PtO7g,SeQlCrKvyM2j8m_75gtouQ
fmzIm7RxEdii5Jz44PtO7g,SLjVCw1XCU9mLgD7yNeHqA
fmzIm7RxEdii5Jz44PtO7g,oS96aJIHFWcFAlGHKKXjaw
fmzIm7RxEdii5Jz44PtO7g,oS96aJIHFWcFAlGHKKXjaw
fmzIm7RxEdii5Jz44PtO7g,oS96aJIHFWcFAlGHKKXjaw
fmzIm7RxEdii5Jz44PtO7g,aeomionBr_VTsIg119vtSw
fmzIm7RxEdii5Jz44PtO7g,67IKCF3bawHNn6nH6hotMw
fmzIm7RxEdii5Jz44PtO7g,67IKCF3bawHNn6nH6hotMw
fmzIm7RxEdii5Jz44PtO7g,FgNgBLayRFm6H6Qr66ecbQ
fmzIm7RxEdii5Jz44PtO7g,FgNgBLayRFm6H6Qr66ecbQ
fmzIm7RxEdii5Jz44PtO7g,FgNgBLayRFm6H6Qr66ecbQ
fmzIm7RxEdii5Jz44PtO7g,FgNgBLayRFm6H6Qr66ecbQ
fmzIm7RxEdii5Jz44PtO7g,FgNgBLayRFm6H6Qr66ecbQ
fmzIm7RxEdii5Jz44PtO7g,FgNgBLayRFm6H6Qr66ecbQ
fmzIm7RxEdii5Jz44PtO7g,rLZDtOjCPhXZx1ldZKFzJA
fmzIm7RxEdii5Jz44PtO7g,BMR_AsSBzTQHqW-SQabI4w
fmzIm7RxEdii5Jz44PtO7g,BMR_AsSBzTQHqW-SQabI4w
fmzIm7RxEdii5Jz44PtO7g,TvL29lvPQU5GtPEN-J0wIA
fmzIm7RxEdii5Jz44PtO7g,0NoHJtug9xefI2OnsANaMA
fmzIm7RxEdii5Jz44PtO7g,XItYW5ul3OW_AqpT2nDbBQ
fmzIm7RxEdii5Jz44PtO7g,QYIXeru0ptw9v9sShZwaVg
fmzIm7RxEdii5Jz44PtO7g,6pKR-h3KN7AwgGOOYBbE2A
fmzIm7RxEdii5Jz44PtO7g,l0pf71mxpV1f_po1W5w1Lw
fmzIm7RxEdii5Jz44PtO7g,l0pf71mxpV1f_po1W5w1Lw
fmzIm7RxEdii5Jz44PtO7g,l0pf71mxpV1f_po1W5w1Lw
fmzIm7RxEdii5Jz44PtO7g,l0pf71mxpV1f_po1W5w1Lw
fmzIm7RxEdii5Jz44PtO7g,7ULRdJfVo2-Og5ZoGOECFg
fmzIm7RxEdii5Jz44PtO7g,IUywieKL-xOm3tFJEY8fOw
fmzIm7RxEdii5Jz44PtO7g,IUywieKL-xOm3tFJEY8fOw
fmzIm7RxEdii5Jz44PtO7g,_rNeWW0BR2ON_TPbzjR6hA
fmzIm7RxEdii5Jz44PtO7g,Dz48AHU652_zg43sBPRb9w
fmzIm7RxEdii5Jz44PtO7g,Dz48AHU652_zg43sBPRb9w
fmzIm7RxEdii5Jz44PtO7g,Dz48AHU652_zg43sBPRb9w
fmzIm7RxEdii5Jz44PtO7g,Dz48AHU652_zg43sBPRb9w
fmzIm7RxEdii5Jz44PtO7g,Dz48AHU652_zg43sBPRb9w
fmzIm7RxEdii5Jz44PtO7g,HVCSprTj_USR9HxIeoffZA
fmzIm7RxEdii5Jz44PtO7g,HVCSprTj_USR9HxIeoffZA
fmzIm7RxEdii5Jz44PtO7g,HVCSprTj_USR9HxIeoffZA
fmzIm7RxEdii5Jz44PtO7g,88wGoNiuZlUxpyeUhwb5hQ
fmzIm7RxEdii5Jz44PtO7g,6hKY8sj-ikAQdzrkrBcvuQ
fmzIm7RxEdii5Jz44PtO7g,6hKY8sj-ikAQdzrkrBcvuQ
fmzIm7RxEdii5Jz44PtO7g,EsxEgEx9ZBzNqrgHf2pDqg
fmzIm7RxEdii5Jz44PtO7g,hUHIahAcew5i39D_6ZqEmQ
fmzIm7RxEdii5Jz44PtO7g,3B8hg3Arjhgz33SJpnK9Hw
fmzIm7RxEdii5Jz44PtO7g,3B8hg3Arjhgz33SJpnK9Hw
fmzIm7RxEdii5Jz44PtO7g,79QqVtTRgP1t5IwpLlwiQg
fmzIm7RxEdii5Jz44PtO7g,79QqVtTRgP1t5IwpLlwiQg
fmzIm7RxEdii5Jz44PtO7g,74gDxr6rs_8tUTcS1vkr0Q
fmzIm7RxEdii5Jz44PtO7g,GEpavUjzVf5ATsGYkPu0WA
fmzIm7RxEdii5Jz44PtO7g,3b2R0n1lyUSBB-itvB8Caw
fmzIm7RxEdii5Jz44PtO7g,CzqGem5OaPAk10bQK4bzbg
fmzIm7RxEdii5Jz44PtO7g,hDRjIbbseWN7ZSVZy2t2fA
fmzIm7RxEdii5Jz44PtO7g,hDRjIbbseWN7ZSVZy2t2fA
fmzIm7RxEdii5Jz44PtO7g,hDRjIbbseWN7ZSVZy2t2fA
fmzIm7RxEdii5Jz44PtO7g,hDRjIbbseWN7ZSVZy2t2fA
fmzIm7RxEdii5Jz44PtO7g,hDRjIbbseWN7ZSVZy2t2fA
fmzIm7RxEdii5Jz44PtO7g,3j_8fQ3G3V3LEJuq8O-RTQ
fmzIm7RxEdii5Jz44PtO7g,_tpvRiE69BSU5IAcqcr5sw
fmzIm7RxEdii5Jz44PtO7g,_tpvRiE69BSU5IAcqcr5sw
fmzIm7RxEdii5Jz44PtO7g,mJ_ucQ2_3hfTsmCcKb-hgw
